#CHROM,POS,ID,REF,ALT,QUAL,FILTER,INFO,FORMAT,NA19717,NA19676,NA19649,NA19722,NA19648,NA19764,NA19752,NA19780,NA19756,NA19734,NA19658,NA19762,NA19723,NA19789,NA19774,NA19682,NA19741,NA19670,NA19776,NA19651,NA19654,NA19792,NA19794,NA19782,NA19788,NA19669,NA19664,NA19679,NA19759,NA19720,NA19783,NA19725,NA19795,NA19777,NA19761,NA19749,NA19729,NA19728,NA19740,NA19735,NA19758,NA19770,NA19747,NA19750,NA19771,NA19755,NA19731,NA19655,NA19779,NA19726,NA19678,NA19652,NA19719,NA19773,NA19684,NA19657,NA19663,NA19716,NA19786,NA19746,NA19785,NA19681,NA19732
1,11012763,.,C,T,.,PASS,AC=19;AN=5096;DP=16977;AF=0;EAS_AF=0;EUR_AF=0;AFR_AF=0.01;AMR_AF=0;SAS_AF=0;VT=SNP;NS=2548,GT,0|0,0|0,0|0,0|0,0|0,0|0,0|0,0|0,0|0,0|0,0|0,0|0,0|0,0|0,0|0,0|0,0|0,0|0,0|0,0|0,0|0,0|0,0|0,0|0,0|0,0|0,0|0,0|0,0|0,0|0,0|0,0|0,0|0,0|1,0|0,0|0,0|0,0|0,0|0,0|0,0|0,0|0,0|0,0|0,0|0,0|0,0|0,0|0,0|0,0|0,0|0,0|0,0|0,0|0,0|0,0|0,0|0,0|0,0|0,0|0,0|0,0|0,0|0
1,11012817,.,C,A,.,PASS,AC=690;AN=5096;DP=16127;AF=0.14;EAS_AF=0;EUR_AF=0;AFR_AF=0.49;AMR_AF=0.04;SAS_AF=0;VT=SNP;NS=2548,GT,1|0,0|0,0|0,0|0,0|0,0|0,0|0,0|0,0|1,0|0,0|0,0|1,0|0,0|0,0|0,0|0,0|0,0|0,0|0,0|0,0|0,0|0,0|0,0|0,0|0,0|0,1|0,0|0,0|0,0|0,0|0,0|0,0|0,0|0,0|0,0|0,0|0,0|0,0|0,0|0,0|0,0|0,0|0,1|0,0|0,0|0,0|0,0|0,0|0,0|0,0|0,0|0,0|0,0|0,0|0,0|0,0|0,0|0,0|0,0|0,0|0,0|0,0|0
1,11012828,.,C,T,.,PASS,AC=2972;AN=5096;DP=15835;AF=0.58;EAS_AF=0.66;EUR_AF=0.82;AFR_AF=0.18;AMR_AF=0.76;SAS_AF=0.69;VT=SNP;NS=2548,GT,0|1,0|1,0|0,0|1,1|1,1|1,0|1,0|1,1|0,1|1,0|1,1|0,1|1,1|0,1|1,1|1,1|1,1|1,1|1,0|0,1|1,1|1,1|1,1|1,0|1,1|1,0|1,0|1,1|1,1|1,1|1,0|0,1|1,1|0,1|1,1|1,1|1,1|1,1|1,1|1,1|1,1|1,1|1,0|1,1|1,1|1,1|1,1|0,1|1,1|1,1|1,0|0,1|0,1|1,0|0,1|1,1|1,0|1,1|1,1|1,1|1,1|1,1|1
1,11012838,.,C,T,.,PASS,AC=690;AN=5096;DP=15834;AF=0.14;EAS_AF=0;EUR_AF=0;AFR_AF=0.49;AMR_AF=0.04;SAS_AF=0;VT=SNP;NS=2548,GT,1|0,0|0,0|0,0|0,0|0,0|0,0|0,0|0,0|1,0|0,0|0,0|1,0|0,0|0,0|0,0|0,0|0,0|0,0|0,0|0,0|0,0|0,0|0,0|0,0|0,0|0,1|0,0|0,0|0,0|0,0|0,0|0,0|0,0|0,0|0,0|0,0|0,0|0,0|0,0|0,0|0,0|0,0|0,1|0,0|0,0|0,0|0,0|0,0|0,0|0,0|0,0|0,0|0,0|0,0|0,0|0,0|0,0|0,0|0,0|0,0|0,0|0,0|0
1,11013155,.,G,C,.,PASS,AC=14;AN=5096;DP=15895;AF=0;EAS_AF=0;EUR_AF=0;AFR_AF=0.01;AMR_AF=0;SAS_AF=0;VT=SNP;NS=2548,GT,0|0,0|0,0|0,0|0,0|0,0|0,0|0,0|0,0|0,0|0,0|0,0|1,0|0,0|0,0|0,0|0,0|0,0|0,0|0,0|0,0|0,0|0,0|0,0|0,0|0,0|0,0|0,0|0,0|0,0|0,0|0,0|0,0|0,0|0,0|0,0|0,0|0,0|0,0|0,0|0,0|0,0|0,0|0,0|0,0|0,0|0,0|0,0|0,0|0,0|0,0|0,0|0,0|0,0|0,0|0,0|0,0|0,0|0,0|0,0|0,0|0,0|0,0|0
1,11013231,.,C,A,.,PASS,AC=2;AN=5096;DP=19692;AF=0;EAS_AF=0;EUR_AF=0;AFR_AF=0;AMR_AF=0;SAS_AF=0;VT=SNP;NS=2548,GT,0|0,0|0,0|0,0|0,0|0,0|0,0|0,0|0,0|0,0|0,0|0,0|0,0|0,0|0,0|0,0|0,0|0,0|0,0|0,0|0,0|0,0|0,0|0,0|0,0|0,0|0,0|0,0|0,0|0,0|0,0|0,0|0,0|0,0|0,0|0,0|0,0|0,0|0,0|0,0|0,0|0,1|0,0|0,0|0,0|0,0|0,0|0,0|0,0|0,0|0,0|0,0|0,0|0,0|0,0|0,0|0,0|0,0|0,0|1,0|0,0|0,0|0,0|0
1,11013266,.,A,C,.,PASS,AC=321;AN=5096;DP=23132;AF=0.06;EAS_AF=0;EUR_AF=0.17;AFR_AF=0.02;AMR_AF=0.09;SAS_AF=0.05;VT=SNP;NS=2548,GT,0|0,0|0,0|0,0|0,0|0,0|0,0|0,0|0,0|0,0|0,0|0,0|0,0|0,0|0,1|0,0|0,0|0,0|0,0|0,0|0,0|0,0|0,0|0,0|0,0|0,1|0,0|0,0|0,0|0,0|0,0|0,0|0,0|0,0|0,0|0,0|0,0|0,0|0,0|0,0|0,0|0,0|0,0|0,0|1,0|0,0|0,0|0,0|0,0|0,0|0,0|0,0|0,0|0,0|0,0|0,0|0,0|0,0|1,0|0,0|0,0|0,0|0,0|0
1,11013338,.,G,C,.,PASS,AC=61;AN=5096;DP=23794;AF=0.01;EAS_AF=0;EUR_AF=0;AFR_AF=0.04;AMR_AF=0;SAS_AF=0;VT=SNP;NS=2548,GT,0|0,0|0,0|0,0|0,0|0,0|0,0|0,0|0,0|0,0|0,0|0,0|0,0|0,0|0,0|0,0|0,0|0,0|0,0|0,0|0,0|0,0|0,0|0,0|0,0|0,0|0,0|0,1|0,0|0,0|0,0|0,0|0,0|0,0|0,0|0,0|0,0|0,0|0,0|0,0|0,0|0,0|0,0|0,0|0,0|0,0|0,0|0,0|0,0|0,0|0,0|0,0|0,0|0,0|0,0|0,0|0,0|0,0|0,0|0,0|0,0|0,0|0,0|0
1,11013450,.,TCA,T,.,PASS,AC=3513;AN=5096;DP=28001;AF=0.69;EAS_AF=0.87;EUR_AF=0.84;AFR_AF=0.3;AMR_AF=0.8;SAS_AF=0.8;VT=INDEL;NS=2548,GT,0|1,0|1,0|0,0|1,1|1,1|1,0|1,0|1,1|0,1|1,0|1,1|0,1|1,1|1,1|1,1|1,1|1,1|1,1|1,0|0,1|1,1|1,1|1,1|1,0|1,1|1,0|1,0|1,1|1,1|1,1|1,0|0,1|1,1|1,1|1,1|1,1|1,1|1,1|1,1|1,1|1,1|1,1|1,0|1,1|1,1|1,1|1,1|1,1|1,1|1,1|1,0|0,1|0,1|1,0|0,1|1,1|1,0|1,1|1,1|1,1|1,1|1,1|1
1,11013498,.,G,GT,.,PASS,AC=2;AN=5096;DP=30568;AF=0;EAS_AF=0;EUR_AF=0;AFR_AF=0;AMR_AF=0;SAS_AF=0;VT=INDEL;NS=2548,GT,0|0,0|0,0|0,0|0,0|0,0|0,0|0,0|0,0|0,0|0,0|0,0|0,0|0,0|1,0|0,0|0,0|0,0|0,0|0,0|0,0|0,0|0,0|0,0|0,0|0,0|0,0|0,0|0,0|0,0|0,0|0,0|0,0|0,0|0,0|0,0|0,0|0,0|0,0|0,0|0,0|0,0|0,0|0,0|0,0|0,0|0,0|0,0|0,0|0,0|0,0|0,0|0,0|0,0|0,0|0,0|0,0|0,0|0,0|0,0|0,0|0,0|0,0|0
1,11013925,.,T,C,.,PASS,AC=26;AN=5096;DP=406144;AF=0.01;EAS_AF=0;EUR_AF=0;AFR_AF=0;AMR_AF=0;SAS_AF=0.02;EX_TARGET;VT=SNP;NS=2548,GT,0|0,0|0,0|0,0|0,0|0,0|0,0|0,0|0,0|0,0|0,0|1,0|0,0|0,0|0,0|0,0|0,0|0,0|0,0|0,0|0,0|0,0|0,0|0,0|0,0|0,0|0,0|0,0|0,0|0,0|0,0|0,0|0,0|0,0|0,0|0,0|0,0|0,0|0,0|0,0|0,0|0,0|0,0|0,0|0,0|0,0|0,0|0,0|0,0|0,0|0,0|0,0|0,0|0,0|0,0|0,0|0,0|0,0|0,0|0,0|0,0|0,0|0,0|0
1,11014156,.,A,C,.,PASS,AC=13;AN=5096;DP=57331;AF=0;EAS_AF=0;EUR_AF=0;AFR_AF=0.01;AMR_AF=0;SAS_AF=0;VT=SNP;NS=2548,GT,0|0,0|0,0|0,0|0,0|0,0|0,0|0,0|0,0|0,0|0,0|0,0|0,0|0,0|0,0|0,0|0,0|0,0|0,0|0,0|0,0|0,0|0,0|0,0|0,0|0,0|0,0|0,0|0,0|0,0|0,0|0,0|0,0|0,0|0,0|0,0|0,0|0,0|0,0|0,0|0,0|0,0|0,0|0,0|0,0|0,0|0,0|0,0|0,0|0,0|0,0|0,0|0,0|0,0|0,1|0,0|0,0|0,0|0,0|0,0|0,0|0,0|0,0|0
1,11014193,.,A,G,.,PASS,AC=4310;AN=5096;DP=39425;AF=0.85;EAS_AF=0.87;EUR_AF=0.84;AFR_AF=0.86;AMR_AF=0.84;SAS_AF=0.82;VT=SNP;NS=2548,GT,1|1,0|1,0|0,0|1,1|1,1|1,0|1,0|1,1|1,1|1,0|1,1|1,1|1,1|1,1|1,1|1,1|1,1|1,1|1,0|0,1|1,1|1,1|1,1|1,0|1,1|1,1|1,0|1,1|1,1|1,1|1,0|0,1|1,1|1,1|1,1|1,1|1,1|1,1|1,1|1,1|1,1|1,1|1,1|1,1|1,1|1,1|1,1|1,1|1,1|1,1|1,0|0,1|0,1|1,0|0,1|1,1|1,0|1,1|1,1|1,1|1,1|1,1|1
1,11014363,.,G,A,.,PASS,AC=4257;AN=5096;DP=23874;AF=0.84;EAS_AF=0.87;EUR_AF=0.84;AFR_AF=0.83;AMR_AF=0.84;SAS_AF=0.8;VT=SNP;NS=2548,GT,1|1,0|1,0|0,0|1,1|1,1|1,0|1,0|1,1|1,1|1,0|1,1|1,1|1,1|1,1|1,1|1,1|1,1|1,1|1,0|0,1|1,1|1,1|1,1|1,0|1,1|1,1|1,0|1,1|1,1|1,1|1,0|0,1|1,1|1,1|1,1|1,1|1,1|1,1|1,1|1,1|1,1|1,1|1,1|1,1|1,1|1,1|1,1|1,1|1,1|1,1|1,0|0,1|0,1|1,0|0,1|1,1|1,0|1,1|1,1|1,1|1,1|1,1|1
1,11014525,.,A,G,.,PASS,AC=517;AN=5096;DP=25686;AF=0.1;EAS_AF=0.21;EUR_AF=0.02;AFR_AF=0.1;AMR_AF=0.04;SAS_AF=0.12;VT=SNP;NS=2548,GT,0|0,0|0,0|0,0|0,0|0,0|0,0|0,0|0,0|0,0|0,0|0,0|0,0|0,0|1,0|0,0|0,0|0,0|0,0|0,0|0,0|0,0|0,0|0,0|0,0|0,0|0,0|0,0|0,0|0,0|0,0|0,0|0,0|0,0|1,0|0,0|0,0|0,0|0,0|0,0|0,0|0,0|0,0|0,0|0,0|0,0|0,0|0,0|1,0|0,0|0,0|0,0|0,0|0,0|0,0|0,0|0,0|0,0|0,0|0,0|0,0|0,0|0,0|0
1,11014941,.,CA,C,.,PASS,AC=3511;AN=5096;DP=19382;AF=0.69;EAS_AF=0.87;EUR_AF=0.84;AFR_AF=0.3;AMR_AF=0.8;SAS_AF=0.8;VT=INDEL;NS=2548,GT,0|1,0|1,0|0,0|1,1|1,1|1,0|1,0|1,1|0,1|1,0|1,1|0,1|1,1|1,1|1,1|1,1|1,1|1,1|1,0|0,1|1,1|1,1|1,1|1,0|1,1|1,0|1,0|1,1|1,1|1,1|1,0|0,1|1,1|1,1|1,1|1,1|1,1|1,1|1,1|1,1|1,1|1,1|1,0|1,1|1,1|1,1|1,1|1,1|1,1|1,1|1,0|0,1|0,1|1,0|0,1|1,1|1,0|1,1|1,1|1,1|1,1|1,1|1
1,11014968,.,G,A,.,PASS,AC=687;AN=5096;DP=19430;AF=0.13;EAS_AF=0;EUR_AF=0;AFR_AF=0.49;AMR_AF=0.04;SAS_AF=0;VT=SNP;NS=2548,GT,1|0,0|0,0|0,0|0,0|0,0|0,0|0,0|0,0|1,0|0,0|0,0|1,0|0,0|0,0|0,0|0,0|0,0|0,0|0,0|0,0|0,0|0,0|0,0|0,0|0,0|0,1|0,0|0,0|0,0|0,0|0,0|0,0|0,0|0,0|0,0|0,0|0,0|0,0|0,0|0,0|0,0|0,0|0,1|0,0|0,0|0,0|0,0|0,0|0,0|0,0|0,0|0,0|0,0|0,0|0,0|0,0|0,0|0,0|0,0|0,0|0,0|0,0|0
1,11015078,.,A,G,.,PASS,AC=516;AN=5096;DP=17356;AF=0.1;EAS_AF=0.21;EUR_AF=0.02;AFR_AF=0.1;AMR_AF=0.03;SAS_AF=0.12;VT=SNP;NS=2548,GT,0|0,0|0,0|0,0|0,0|0,0|0,0|0,0|0,0|0,0|0,0|0,0|0,0|0,0|1,0|0,0|0,0|0,0|0,0|0,0|0,0|0,0|0,0|0,0|0,0|0,0|0,0|0,0|0,0|0,0|0,0|0,0|0,0|0,0|1,0|0,0|0,0|0,0|0,0|0,0|0,0|0,0|0,0|0,0|0,0|0,0|0,0|0,0|1,0|0,0|0,0|0,0|0,0|0,0|0,0|0,0|0,0|0,0|0,0|0,0|0,0|0,0|0,0|0
1,11015314,.,T,C,.,PASS,AC=3573;AN=5096;DP=17385;AF=0.7;EAS_AF=0.87;EUR_AF=0.84;AFR_AF=0.34;AMR_AF=0.8;SAS_AF=0.8;VT=SNP;NS=2548,GT,0|1,0|1,0|0,0|1,1|1,1|1,0|1,0|1,1|0,1|1,0|1,1|0,1|1,1|1,1|1,1|1,1|1,1|1,1|1,0|0,1|1,1|1,1|1,1|1,0|1,1|1,0|1,0|1,1|1,1|1,1|1,0|0,1|1,1|1,1|1,1|1,1|1,1|1,1|1,1|1,1|1,1|1,1|1,0|1,1|1,1|1,1|1,1|1,1|1,1|1,1|1,0|0,1|0,1|1,0|0,1|1,1|1,0|1,1|1,1|1,1|1,1|1,1|1
1,11015356,.,C,T,.,PASS,AC=690;AN=5096;DP=17081;AF=0.14;EAS_AF=0;EUR_AF=0;AFR_AF=0.49;AMR_AF=0.04;SAS_AF=0;VT=SNP;NS=2548,GT,1|0,0|0,0|0,0|0,0|0,0|0,0|0,0|0,0|1,0|0,0|0,0|1,0|0,0|0,0|0,0|0,0|0,0|0,0|0,0|0,0|0,0|0,0|0,0|0,0|0,0|0,1|0,0|0,0|0,0|0,0|0,0|0,0|0,0|0,0|0,0|0,0|0,0|0,0|0,0|0,0|0,0|0,0|0,1|0,0|0,0|0,0|0,0|0,0|0,0|0,0|0,0|0,0|0,0|0,0|0,0|0,0|0,0|0,0|0,0|0,0|0,0|0,0|0
1,11015454,.,T,C,.,PASS,AC=4247;AN=5096;DP=17740;AF=0.83;EAS_AF=0.87;EUR_AF=0.84;AFR_AF=0.83;AMR_AF=0.84;SAS_AF=0.8;VT=SNP;NS=2548,GT,1|1,0|1,0|0,0|1,1|1,1|1,0|1,0|1,1|1,1|1,0|1,1|1,1|1,1|1,1|1,1|1,1|1,1|1,1|1,0|0,1|1,1|1,1|1,1|1,0|1,1|1,1|1,0|1,1|1,1|1,0|1,0|0,1|1,1|1,1|1,1|1,1|1,1|1,1|1,1|1,1|1,1|1,1|1,1|1,0|1,1|1,1|1,1|1,1|1,1|1,1|1,0|0,1|0,1|1,0|0,1|1,1|1,0|1,1|1,1|1,1|1,1|1,1|1
1,11015470,.,C,G,.,PASS,AC=171;AN=5096;DP=17366;AF=0.03;EAS_AF=0.12;EUR_AF=0.01;AFR_AF=0;AMR_AF=0;SAS_AF=0.04;VT=SNP;NS=2548,GT,0|0,0|0,0|0,0|0,0|0,0|0,0|0,0|0,0|0,0|0,0|0,0|0,0|0,0|0,0|0,0|0,0|0,0|0,0|0,0|0,0|0,0|0,0|0,0|0,0|0,0|0,0|0,0|0,0|0,0|0,0|0,0|0,0|0,0|0,0|0,0|0,0|0,0|0,0|0,0|0,0|0,0|0,0|0,0|0,0|0,0|0,0|0,0|1,0|0,0|0,0|0,0|0,0|0,0|0,0|0,0|0,0|0,0|0,0|0,0|0,0|0,0|0,0|0
1,11015669,.,C,CA,.,PASS,AC=2970;AN=5096;DP=14008;AF=0.58;EAS_AF=0.65;EUR_AF=0.81;AFR_AF=0.19;AMR_AF=0.76;SAS_AF=0.68;VT=INDEL;NS=2548,GT,0|1,0|1,0|0,0|1,1|1,1|1,0|1,0|1,1|0,1|1,0|1,1|0,1|1,1|0,1|1,1|1,1|1,1|1,1|1,0|0,1|1,1|1,1|1,1|1,0|1,1|1,0|1,0|1,1|1,1|1,1|1,0|0,1|1,1|0,1|1,1|1,1|1,1|1,1|1,1|1,1|1,1|1,1|1,0|1,1|1,1|1,1|1,1|0,1|1,1|1,1|1,0|0,1|0,1|1,0|0,1|1,1|1,0|1,1|1,1|1,1|1,1|1,1|1
1,11015768,.,C,CAG,.,PASS,AC=4258;AN=5096;DP=13608;AF=0.84;EAS_AF=0.87;EUR_AF=0.84;AFR_AF=0.83;AMR_AF=0.84;SAS_AF=0.8;VT=INDEL;NS=2548,GT,1|1,0|1,0|0,0|1,1|1,1|1,0|1,0|1,1|1,1|1,0|1,1|1,1|1,1|1,1|1,1|1,1|1,1|1,1|1,0|0,1|1,1|1,1|1,1|1,0|1,1|1,1|1,0|1,1|1,1|1,1|1,0|0,1|1,1|1,1|1,1|1,1|1,1|1,1|1,1|1,1|1,1|1,1|1,1|1,1|1,1|1,1|1,1|1,1|1,1|1,1|1,0|0,1|0,1|1,0|0,1|1,1|1,0|1,1|1,1|1,1|1,1|1,1|1
1,11015941,.,GTTTA,G,.,PASS,AC=17;AN=5096;DP=12974;AF=0;EAS_AF=0;EUR_AF=0.01;AFR_AF=0;AMR_AF=0.01;SAS_AF=0;VT=INDEL;NS=2548,GT,0|0,0|0,0|0,0|0,0|0,0|0,0|0,0|0,0|0,0|0,0|0,0|0,0|0,0|0,0|0,0|0,0|0,0|0,0|0,0|0,0|0,0|0,0|0,0|0,0|0,0|0,0|0,0|0,0|0,0|0,0|0,0|0,0|0,0|0,0|0,0|0,0|0,0|0,0|0,0|0,0|0,0|0,0|0,0|0,0|0,0|0,0|0,0|0,0|0,0|0,0|0,0|0,0|0,1|0,0|0,0|0,0|0,0|0,0|0,0|0,0|0,0|0,0|0
1,11016647,.,C,T,.,PASS,AC=1;AN=5096;DP=43399;AF=0;EAS_AF=0;EUR_AF=0;AFR_AF=0;AMR_AF=0;SAS_AF=0;VT=SNP;NS=2548,GT,0|0,0|0,0|0,0|0,0|0,0|0,0|0,0|0,0|0,0|0,0|0,0|0,0|0,0|0,0|0,0|0,0|0,0|0,0|0,0|0,0|0,0|0,0|0,0|0,0|0,0|0,0|1,0|0,0|0,0|0,0|0,0|0,0|0,0|0,0|0,0|0,0|0,0|0,0|0,0|0,0|0,0|0,0|0,0|0,0|0,0|0,0|0,0|0,0|0,0|0,0|0,0|0,0|0,0|0,0|0,0|0,0|0,0|0,0|0,0|0,0|0,0|0,0|0
1,11017496,.,C,T,.,PASS,AC=392;AN=5096;DP=18629;AF=0.08;EAS_AF=0.17;EUR_AF=0.02;AFR_AF=0.05;AMR_AF=0.03;SAS_AF=0.12;VT=SNP;NS=2548,GT,0|0,0|0,0|0,0|0,0|0,0|0,0|0,0|0,0|0,0|0,0|0,0|0,0|0,0|1,0|0,0|0,0|0,0|0,0|0,0|0,0|0,0|0,0|0,0|0,0|0,0|0,0|0,0|0,0|0,0|0,0|0,0|0,0|0,0|1,0|0,0|0,0|0,0|0,0|0,0|0,0|0,0|0,0|0,0|0,0|0,0|0,0|0,0|1,0|0,0|0,0|0,0|0,0|0,0|0,0|0,0|0,0|0,0|0,0|0,0|0,0|0,0|0,0|0
1,11018031,.,T,C,.,PASS,AC=2;AN=5096;DP=17183;AF=0;EAS_AF=0;EUR_AF=0;AFR_AF=0;AMR_AF=0;SAS_AF=0;VT=SNP;NS=2548,GT,0|0,0|0,0|0,0|0,0|0,0|0,0|0,0|0,0|0,0|0,0|0,0|0,0|0,0|0,0|0,0|0,0|0,0|0,0|0,0|0,0|0,0|0,0|0,0|0,0|0,0|0,0|0,0|0,0|0,0|0,0|0,0|0,0|0,0|0,0|0,0|0,0|0,0|0,0|0,0|0,0|0,0|0,0|0,0|0,0|0,0|0,0|0,0|0,0|0,0|0,0|0,0|0,0|0,0|0,0|1,0|0,0|0,0|0,0|0,0|0,0|0,0|0,0|0
1,11018168,.,T,C,.,PASS,AC=4308;AN=5096;DP=19535;AF=0.85;EAS_AF=0.87;EUR_AF=0.84;AFR_AF=0.86;AMR_AF=0.84;SAS_AF=0.82;VT=SNP;NS=2548,GT,1|1,0|1,0|0,0|1,1|1,1|1,0|1,0|1,1|1,1|1,0|1,1|1,1|1,1|1,1|1,1|1,1|1,1|1,1|1,0|0,1|1,1|1,1|1,1|1,0|1,1|1,1|1,0|1,1|1,1|1,1|1,0|0,1|1,1|1,1|1,1|1,1|1,1|1,1|1,0|1,1|1,1|1,1|1,1|1,1|1,1|1,1|1,1|1,1|1,1|1,1|1,0|0,1|0,1|1,0|0,1|1,1|1,0|1,1|1,1|1,1|1,1|1,1|1
1,11018255,.,G,C,.,PASS,AC=4269;AN=5096;DP=20732;AF=0.84;EAS_AF=0.87;EUR_AF=0.83;AFR_AF=0.83;AMR_AF=0.84;SAS_AF=0.81;VT=SNP;NS=2548,GT,1|1,0|1,0|0,0|1,1|1,1|1,0|1,0|1,1|1,1|1,0|1,1|1,1|1,1|1,1|1,1|1,1|1,1|1,1|1,0|0,1|1,1|1,1|1,1|1,0|1,1|1,1|1,0|1,1|1,1|1,1|1,0|0,1|1,1|1,1|1,1|1,1|1,1|1,1|1,0|1,1|1,1|1,1|1,1|1,1|1,1|1,1|1,1|1,1|1,1|1,1|1,0|0,1|0,1|1,0|0,1|1,1|1,0|1,1|1,1|1,1|1,1|1,1|1
1,11018341,.,A,AATCTTTG,.,PASS,AC=2958;AN=5096;DP=13897;AF=0.58;EAS_AF=0.66;EUR_AF=0.81;AFR_AF=0.18;AMR_AF=0.75;SAS_AF=0.68;VT=INDEL;NS=2548,GT,0|1,0|1,0|0,0|1,1|1,1|1,0|1,0|1,1|0,1|1,0|1,1|0,1|1,1|0,1|1,0|1,1|1,1|1,1|1,0|0,1|1,1|1,1|1,1|1,0|1,1|1,0|1,0|1,1|1,1|1,1|1,0|0,1|1,1|0,1|1,1|1,1|1,1|1,1|1,0|1,1|1,1|1,1|1,0|1,1|1,1|1,1|1,1|0,1|1,1|1,1|1,0|0,1|0,1|1,0|0,1|1,1|1,0|1,1|1,1|1,1|1,1|1,1|1
1,11018615,.,G,C,.,PASS,AC=1;AN=5096;DP=133915;AF=0;EAS_AF=0;EUR_AF=0;AFR_AF=0;AMR_AF=0;SAS_AF=0;VT=SNP;NS=2548,GT,0|0,0|0,0|0,0|0,0|0,0|0,0|0,0|0,0|0,0|0,0|0,0|0,0|0,0|0,0|0,0|0,0|0,0|0,0|0,0|0,0|0,0|0,0|0,0|0,0|0,0|0,0|0,0|0,0|0,0|0,0|0,0|0,0|0,0|0,0|0,0|0,0|0,0|0,0|0,0|0,0|0,0|0,0|0,0|0,0|0,0|0,0|0,0|1,0|0,0|0,0|0,0|0,0|0,0|0,0|0,0|0,0|0,0|0,0|0,0|0,0|0,0|0,0|0
1,11018668,.,A,G,.,PASS,AC=204;AN=5096;DP=247266;AF=0.04;EAS_AF=0;EUR_AF=0;AFR_AF=0.15;AMR_AF=0.01;SAS_AF=0;VT=SNP;NS=2548,GT,1|0,0|0,0|0,0|0,0|0,0|0,0|0,0|0,0|0,0|0,0|0,0|0,0|0,0|0,0|0,0|0,0|0,0|0,0|0,0|0,0|0,0|0,0|0,0|0,0|0,0|0,1|0,0|0,0|0,0|0,0|0,0|0,0|0,0|0,0|0,0|0,0|0,0|0,0|0,0|0,0|0,0|0,0|0,1|0,0|0,0|0,0|0,0|0,0|0,0|0,0|0,0|0,0|0,0|0,0|0,0|0,0|0,0|0,0|0,0|0,0|0,0|0,0|0
1,11019020,.,A,G,.,PASS,AC=2983;AN=5096;DP=106309;AF=0.59;EAS_AF=0.67;EUR_AF=0.82;AFR_AF=0.18;AMR_AF=0.76;SAS_AF=0.68;VT=SNP;NS=2548,GT,0|1,0|1,0|0,0|1,1|1,1|1,0|1,0|1,1|0,1|1,0|1,1|0,1|1,1|0,1|1,1|1,1|1,1|1,1|1,0|0,1|1,1|1,1|1,1|1,0|1,1|1,0|1,0|1,1|1,1|1,1|1,0|0,1|1,1|0,1|1,1|1,1|1,1|1,1|1,1|1,1|1,1|1,1|1,0|1,1|1,1|1,1|1,1|0,1|1,1|1,1|1,0|0,1|0,1|1,0|0,1|1,1|1,0|1,1|1,1|1,1|1,1|1,1|1
1,11019329,.,G,T,.,PASS,AC=62;AN=5096;DP=23501;AF=0.01;EAS_AF=0;EUR_AF=0.04;AFR_AF=0;AMR_AF=0.03;SAS_AF=0;VT=SNP;NS=2548,GT,0|0,0|0,0|0,0|0,0|0,0|0,0|0,0|0,0|0,0|0,0|0,0|0,0|0,0|0,0|0,0|0,0|0,0|0,0|0,0|0,0|0,1|0,0|1,0|0,0|0,0|0,0|0,0|0,0|0,0|0,0|1,0|0,0|0,0|0,0|0,0|0,0|0,0|0,0|0,0|0,0|0,0|0,1|0,0|0,0|0,0|0,0|0,1|0,0|0,0|0,0|0,0|0,0|0,0|0,0|0,0|0,0|0,0|0,0|0,0|0,0|0,0|0,0|0
1,11019356,.,T,A,.,PASS,AC=4278;AN=5096;DP=23802;AF=0.84;EAS_AF=0.87;EUR_AF=0.84;AFR_AF=0.83;AMR_AF=0.84;SAS_AF=0.82;VT=SNP;NS=2548,GT,1|1,0|1,0|0,0|1,1|1,1|1,0|1,0|1,1|1,1|1,0|1,1|1,1|1,1|1,1|1,1|1,1|1,1|1,1|1,0|0,1|1,1|1,1|1,1|1,0|1,1|1,1|1,0|1,1|1,1|1,1|1,0|0,1|1,1|1,1|1,1|1,1|1,1|1,1|1,1|1,1|1,1|1,1|1,1|1,1|1,1|1,1|1,1|1,1|1,1|1,1|1,0|0,1|0,1|1,0|0,1|1,1|1,0|1,1|1,1|1,1|1,1|1,1|1
1,11019522,.,A,C,.,PASS,AC=575;AN=5096;DP=23494;AF=0.11;EAS_AF=0.2;EUR_AF=0.02;AFR_AF=0.15;AMR_AF=0.04;SAS_AF=0.12;VT=SNP;NS=2548,GT,0|0,0|0,0|0,0|0,0|0,0|0,0|0,0|0,0|0,0|0,0|0,0|0,0|0,0|1,0|0,0|0,0|0,0|0,0|0,0|0,0|0,0|0,0|0,0|0,0|0,0|0,0|0,0|0,0|0,0|0,0|0,0|0,0|0,0|1,0|0,0|0,0|0,0|0,0|0,0|0,0|0,0|0,0|0,0|0,0|0,0|0,0|0,0|1,0|0,0|0,0|0,0|0,0|0,0|0,0|0,0|0,0|0,0|0,0|0,0|0,0|0,0|0,0|0
1,11019570,.,A,C,.,PASS,AC=1;AN=5096;DP=20419;AF=0;EAS_AF=0;EUR_AF=0;AFR_AF=0;AMR_AF=0;SAS_AF=0;VT=SNP;NS=2548,GT,0|0,0|0,0|0,0|0,0|0,0|0,0|0,0|0,0|0,0|0,0|0,0|0,0|0,0|0,0|0,0|0,0|0,0|0,0|0,0|0,0|0,0|0,0|0,0|0,0|0,0|0,0|0,0|0,0|0,0|0,0|0,0|1,0|0,0|0,0|0,0|0,0|0,0|0,0|0,0|0,0|0,0|0,0|0,0|0,0|0,0|0,0|0,0|0,0|0,0|0,0|0,0|0,0|0,0|0,0|0,0|0,0|0,0|0,0|0,0|0,0|0,0|0,0|0
1,11019716,.,A,G,.,PASS,AC=4267;AN=5096;DP=18140;AF=0.84;EAS_AF=0.87;EUR_AF=0.84;AFR_AF=0.83;AMR_AF=0.84;SAS_AF=0.8;VT=SNP;NS=2548,GT,1|1,0|1,0|0,0|1,1|1,1|1,0|1,0|1,1|1,1|1,0|1,1|1,1|1,1|1,1|1,1|1,1|1,1|1,1|1,0|0,1|1,1|1,1|1,1|1,0|1,1|1,1|1,0|1,1|1,1|1,1|1,0|0,1|1,1|1,1|1,1|1,1|1,1|1,1|1,1|1,1|1,1|1,1|1,1|1,1|1,1|1,1|1,1|1,1|1,1|1,1|1,0|0,1|0,1|1,0|0,1|1,1|1,0|1,1|1,1|1,1|1,1|1,1|1
1,11019732,.,A,G,.,PASS,AC=248;AN=5096;DP=18338;AF=0.05;EAS_AF=0;EUR_AF=0;AFR_AF=0.17;AMR_AF=0.02;SAS_AF=0;VT=SNP;NS=2548,GT,0|0,0|0,0|0,0|0,0|0,0|0,0|0,0|0,0|0,0|0,0|0,0|1,0|0,0|0,0|0,0|0,0|0,0|0,0|0,0|0,0|0,0|0,0|0,0|0,0|0,0|0,0|0,0|0,0|0,0|0,0|0,0|0,0|0,0|0,0|0,0|0,0|0,0|0,0|0,0|0,0|0,0|0,0|0,0|0,0|0,0|0,0|0,0|0,0|0,0|0,0|0,0|0,0|0,0|0,0|0,0|0,0|0,0|0,0|0,0|0,0|0,0|0,0|0
1,11019817,.,C,A,.,PASS,AC=11;AN=5096;DP=20359;AF=0;EAS_AF=0;EUR_AF=0;AFR_AF=0;AMR_AF=0.01;SAS_AF=0;VT=SNP;NS=2548,GT,0|0,0|0,0|0,0|0,0|0,0|0,0|0,0|0,0|0,0|0,0|0,0|0,0|0,0|0,0|0,0|0,0|1,0|0,0|0,0|0,0|0,0|0,0|0,0|0,0|0,0|0,0|0,0|0,0|0,0|0,0|0,0|0,0|1,0|0,0|0,0|0,0|0,0|0,0|1,0|0,0|0,0|0,0|0,0|0,0|0,0|0,0|0,0|0,0|0,0|0,0|0,0|0,0|0,0|0,0|0,0|0,0|0,0|0,0|0,0|0,0|0,0|0,0|0
1,11019825,.,C,T,.,PASS,AC=17;AN=5096;DP=20034;AF=0;EAS_AF=0;EUR_AF=0.01;AFR_AF=0;AMR_AF=0;SAS_AF=0.01;VT=SNP;NS=2548,GT,0|0,0|0,0|0,0|0,0|0,0|0,0|0,0|0,0|0,0|0,0|0,0|0,0|0,0|0,0|0,0|0,0|0,0|0,0|0,0|0,0|0,0|0,0|0,0|0,0|0,0|0,0|0,0|0,0|0,0|0,0|0,0|0,0|0,0|0,0|0,0|0,0|0,0|0,0|0,0|0,0|0,0|0,0|0,0|0,0|0,0|0,0|0,0|0,0|0,0|0,1|0,0|0,0|0,0|0,0|0,0|0,0|0,0|0,0|0,0|0,0|0,0|0,0|0
1,11019898,.,C,G,.,PASS,AC=2;AN=5096;DP=15223;AF=0;EAS_AF=0;EUR_AF=0;AFR_AF=0;AMR_AF=0;SAS_AF=0;VT=SNP;NS=2548,GT,0|0,0|0,0|0,0|0,0|0,0|0,0|0,0|0,0|0,0|0,0|0,0|0,0|0,0|0,0|0,0|0,0|0,0|0,0|0,0|0,0|0,0|0,0|0,0|0,0|0,0|0,0|0,0|0,0|0,0|0,0|0,0|0,0|0,0|1,0|0,0|0,0|0,0|0,0|0,0|0,0|0,0|0,0|0,0|0,0|0,0|0,0|0,0|0,0|0,0|0,0|0,0|0,0|0,0|0,0|0,0|0,0|0,0|0,0|0,0|0,0|0,0|0,0|0
1,11019901,.,A,G,.,PASS,AC=4278;AN=5096;DP=15169;AF=0.84;EAS_AF=0.87;EUR_AF=0.84;AFR_AF=0.83;AMR_AF=0.84;SAS_AF=0.82;VT=SNP;NS=2548,GT,1|1,0|1,0|0,0|1,1|1,1|1,0|1,0|1,1|1,1|1,0|1,1|1,1|1,1|1,1|1,1|1,1|1,1|1,1|1,0|0,1|1,1|1,1|1,1|1,0|1,1|1,1|1,0|1,1|1,1|1,1|1,0|0,1|1,1|1,1|1,1|1,1|1,1|1,1|1,1|1,1|1,1|1,1|1,1|1,1|1,1|1,1|1,1|1,1|1,1|1,1|1,0|0,1|0,1|1,0|0,1|1,1|1,0|1,1|1,1|1,1|1,1|1,1|1
1,11019984,.,C,A,.,PASS,AC=5;AN=5096;DP=19939;AF=0;EAS_AF=0;EUR_AF=0;AFR_AF=0;AMR_AF=0;SAS_AF=0;VT=SNP;NS=2548,GT,0|0,0|0,0|0,0|0,0|0,0|0,0|0,0|0,0|0,0|0,0|0,0|0,0|0,0|0,0|0,0|0,0|0,0|0,0|0,0|0,0|0,0|0,0|0,0|0,0|0,0|0,0|0,0|0,0|0,0|0,0|0,0|0,0|0,0|0,0|0,0|0,0|0,0|0,0|0,0|0,0|0,0|0,0|0,0|0,0|0,0|0,0|0,0|0,0|0,0|0,0|0,0|0,0|1,0|0,0|0,0|0,0|0,0|0,0|0,0|0,0|0,0|0,0|0
1,11020245,.,C,T,.,PASS,AC=20;AN=5096;DP=57560;AF=0;EAS_AF=0;EUR_AF=0;AFR_AF=0.01;AMR_AF=0;SAS_AF=0;VT=SNP;NS=2548,GT,0|0,0|0,0|0,0|0,0|0,0|0,0|0,0|0,0|0,0|0,0|0,0|0,0|0,0|0,0|0,0|0,0|0,0|0,0|0,0|0,0|0,0|0,0|0,0|0,0|0,0|0,1|0,0|0,0|0,0|0,0|0,0|0,0|0,0|0,0|0,0|0,0|0,0|0,0|0,0|0,0|0,0|0,0|0,0|0,0|0,0|0,0|0,0|0,0|0,0|0,0|0,0|0,0|0,0|0,0|0,0|0,0|0,0|0,0|0,0|0,0|0,0|0,0|0
1,11020666,.,T,TG,.,PASS,AC=4662;AN=5096;DP=179543;AF=0.91;EAS_AF=0.92;EUR_AF=0.84;AFR_AF=0.99;AMR_AF=0.91;SAS_AF=0.89;VT=INDEL;NS=2548,GT,1|1,0|1,0|1,0|1,1|1,1|1,0|1,0|1,1|1,1|1,1|1,1|1,1|1,1|1,1|1,1|1,1|1,1|1,1|1,0|0,1|1,1|1,1|1,1|1,0|1,1|1,1|1,1|1,1|1,1|1,1|1,0|1,1|1,1|1,1|1,1|1,1|1,1|1,1|1,1|1,1|1,1|1,1|1,1|1,1|1,1|1,1|1,1|1,1|1,1|1,1|1,0|0,1|0,1|1,1|0,1|1,1|1,1|1,1|1,1|1,1|1,1|1,1|1
1,11021056,.,T,C,.,PASS,AC=19;AN=5096;DP=22283;AF=0;EAS_AF=0;EUR_AF=0;AFR_AF=0.01;AMR_AF=0;SAS_AF=0;VT=SNP;NS=2548,GT,0|0,0|0,0|0,0|0,0|0,0|0,0|0,0|0,0|0,0|0,0|0,0|0,0|0,0|0,0|0,0|0,0|0,0|0,0|0,0|0,0|0,0|0,0|0,0|0,0|0,0|0,0|0,0|0,0|0,0|0,0|0,0|0,0|0,0|1,0|0,0|0,0|0,0|0,0|0,0|0,0|0,0|0,0|0,0|0,0|0,0|0,0|0,0|0,0|0,0|0,0|0,0|0,0|0,0|0,0|0,0|0,0|0,0|0,0|0,0|0,0|0,0|0,0|0
1,11021153,.,T,A,.,PASS,AC=3407;AN=5096;DP=19272;AF=0.67;EAS_AF=0.84;EUR_AF=0.81;AFR_AF=0.29;AMR_AF=0.78;SAS_AF=0.78;VT=SNP;NS=2548,GT,0|1,0|1,0|0,0|1,1|1,0|1,0|1,0|1,1|0,1|1,0|1,1|0,1|1,1|1,1|1,1|1,1|1,1|1,1|1,0|0,1|1,1|0,1|1,1|1,0|1,1|1,0|1,0|1,1|1,1|1,1|1,0|0,1|1,1|1,1|1,1|1,1|1,1|1,1|1,1|1,1|1,1|1,1|1,0|1,1|1,1|1,1|1,1|1,1|1,1|1,1|1,0|0,1|0,1|1,0|0,1|1,1|1,0|1,1|1,1|1,1|1,1|1,1|1
1,11021212,.,C,T,.,PASS,AC=68;AN=5096;DP=18343;AF=0.01;EAS_AF=0;EUR_AF=0;AFR_AF=0.05;AMR_AF=0;SAS_AF=0;VT=SNP;NS=2548,GT,0|0,0|0,0|0,0|0,0|0,0|0,0|0,0|0,0|0,0|0,0|0,0|0,0|0,0|0,0|0,0|0,0|0,0|0,0|0,0|0,0|0,0|0,0|0,0|0,0|0,0|0,0|0,1|0,0|0,0|0,0|0,0|0,0|0,0|0,0|0,0|0,0|0,0|0,0|0,0|0,0|0,0|0,0|0,0|0,0|0,0|0,0|0,0|0,0|0,0|0,0|0,0|0,0|0,0|0,0|0,0|0,0|0,0|0,0|0,0|0,0|0,0|0,0|0
1,11021526,.,C,T,.,PASS,AC=195;AN=5096;DP=22638;AF=0.04;EAS_AF=0;EUR_AF=0;AFR_AF=0.14;AMR_AF=0.01;SAS_AF=0;VT=SNP;NS=2548,GT,1|0,0|0,0|0,0|0,0|0,0|0,0|0,0|0,0|0,0|0,0|0,0|0,0|0,0|0,0|0,0|0,0|0,0|0,0|0,0|0,0|0,0|0,0|0,0|0,0|0,0|0,1|0,0|0,0|0,0|0,0|0,0|0,0|0,0|0,0|0,0|0,0|0,0|0,0|0,0|0,0|0,0|0,0|0,1|0,0|0,0|0,0|0,0|0,0|0,0|0,0|0,0|0,0|0,0|0,0|0,0|0,0|0,0|0,0|0,0|0,0|0,0|0,0|0
1,11021823,.,G,T,.,PASS,AC=2976;AN=5096;DP=25079;AF=0.58;EAS_AF=0.66;EUR_AF=0.82;AFR_AF=0.18;AMR_AF=0.76;SAS_AF=0.68;VT=SNP;NS=2548,GT,0|1,0|1,0|0,0|1,1|1,1|1,0|1,0|1,1|0,1|1,0|1,1|0,1|1,1|0,1|1,1|1,1|1,1|1,1|1,0|0,1|1,1|1,1|1,1|1,0|1,1|1,0|1,0|1,1|1,1|1,1|1,0|0,1|1,1|0,1|1,1|1,1|1,1|1,1|1,1|1,1|1,1|1,1|1,0|1,1|1,1|1,1|1,1|0,1|1,1|1,1|1,0|0,1|0,1|1,0|0,1|1,1|1,0|1,1|1,1|1,1|1,1|1,1|1
1,11021997,.,AG,A,.,PASS,AC=2975;AN=5096;DP=86542;AF=0.58;EAS_AF=0.66;EUR_AF=0.82;AFR_AF=0.18;AMR_AF=0.76;SAS_AF=0.68;VT=INDEL;NS=2548,GT,0|1,0|1,0|0,0|1,1|1,1|1,0|1,0|1,1|0,1|1,0|1,1|0,1|1,1|0,1|1,1|1,1|1,1|1,1|1,0|0,1|1,1|1,1|1,1|1,0|1,1|1,0|1,0|1,1|1,1|1,1|1,0|0,1|1,1|0,1|1,1|1,1|1,1|1,1|1,1|1,1|1,1|1,1|1,0|1,1|1,1|1,1|1,1|0,1|1,1|1,1|1,0|0,1|0,1|1,0|0,1|1,1|1,0|1,1|1,1|1,1|1,1|1,1|1
1,11024985,.,A,G,.,PASS,AC=98;AN=5096;DP=27168;AF=0.02;EAS_AF=0;EUR_AF=0;AFR_AF=0.07;AMR_AF=0.01;SAS_AF=0;VT=SNP;NS=2548,GT,0|0,0|0,0|0,0|0,0|0,0|0,0|0,0|0,0|0,0|0,1|0,0|0,0|0,0|0,0|0,0|0,0|0,0|0,0|0,0|0,0|0,0|0,0|0,0|0,0|0,0|0,0|0,0|0,0|0,0|0,0|0,0|0,0|0,0|0,0|0,0|0,0|0,0|0,0|0,0|0,0|0,0|0,0|0,0|0,0|0,0|0,0|0,0|0,0|0,0|0,0|0,0|0,0|0,0|0,0|0,0|0,0|0,0|0,0|0,0|0,0|0,0|0,0|0
1,11025595,.,GAA,G,.,PASS,AC=617;AN=5096;DP=17400;AF=0.12;EAS_AF=0;EUR_AF=0;AFR_AF=0.44;AMR_AF=0.04;SAS_AF=0;VT=INDEL;NS=2548,GT,1|0,0|0,0|0,0|0,0|0,0|0,0|0,0|0,0|1,0|0,0|0,0|1,0|0,0|0,0|0,0|0,0|0,0|0,0|0,0|0,0|0,0|0,0|0,0|0,0|0,0|0,1|0,0|0,0|0,0|0,0|0,0|0,0|0,0|0,0|0,0|0,0|0,0|0,0|0,0|0,0|0,0|0,0|0,1|0,0|0,0|0,0|0,0|0,0|0,0|0,0|0,0|0,0|0,0|0,0|0,0|0,0|0,0|0,0|0,0|0,0|0,0|0,0|0
1,11025663,.,A,T,.,PASS,AC=1;AN=5096;DP=20480;AF=0;EAS_AF=0;EUR_AF=0;AFR_AF=0;AMR_AF=0;SAS_AF=0;VT=SNP;NS=2548,GT,0|0,0|0,0|0,0|0,0|0,0|0,0|0,0|0,1|0,0|0,0|0,0|0,0|0,0|0,0|0,0|0,0|0,0|0,0|0,0|0,0|0,0|0,0|0,0|0,0|0,0|0,0|0,0|0,0|0,0|0,0|0,0|0,0|0,0|0,0|0,0|0,0|0,0|0,0|0,0|0,0|0,0|0,0|0,0|0,0|0,0|0,0|0,0|0,0|0,0|0,0|0,0|0,0|0,0|0,0|0,0|0,0|0,0|0,0|0,0|0,0|0,0|0,0|0
1,11025917,.,G,C,.,PASS,AC=148;AN=5096;DP=32121;AF=0.03;EAS_AF=0;EUR_AF=0;AFR_AF=0.11;AMR_AF=0.01;SAS_AF=0;VT=SNP;NS=2548,GT,1|0,0|0,0|0,0|0,0|0,0|0,0|0,0|0,0|0,0|0,0|0,0|0,0|0,0|0,0|0,0|0,0|0,0|0,0|0,0|0,0|0,0|0,0|0,0|0,0|0,0|0,1|0,0|0,0|0,0|0,0|0,0|0,0|0,0|0,0|0,0|0,0|0,0|0,0|0,0|0,0|0,0|0,0|0,1|0,0|0,0|0,0|0,0|0,0|0,0|0,0|0,0|0,0|0,0|0,0|0,0|0,0|0,0|0,0|0,0|0,0|0,0|0,0|0
1,11026034,.,T,C,.,PASS,AC=143;AN=5096;DP=31883;AF=0.03;EAS_AF=0;EUR_AF=0;AFR_AF=0.1;AMR_AF=0.01;SAS_AF=0;VT=SNP;NS=2548,GT,0|0,0|0,0|0,0|0,0|0,0|0,0|0,0|0,0|1,0|0,0|0,0|0,0|0,0|0,0|0,0|0,0|0,0|0,0|0,0|0,0|0,0|0,0|0,0|0,0|0,0|0,0|0,0|0,0|0,0|0,0|0,0|0,0|0,0|0,0|0,0|0,0|0,0|0,0|0,0|0,0|0,0|0,0|0,0|0,0|0,0|0,0|0,0|0,0|0,0|0,0|0,0|0,0|0,0|0,0|0,0|0,0|0,0|0,0|0,0|0,0|0,0|0,0|0
1,11026040,.,A,AT,.,PASS,AC=2984;AN=5096;DP=31638;AF=0.59;EAS_AF=0.66;EUR_AF=0.82;AFR_AF=0.18;AMR_AF=0.76;SAS_AF=0.68;VT=INDEL;NS=2548,GT,0|1,0|1,0|0,0|1,1|1,1|1,0|1,0|1,1|0,1|1,0|1,1|0,1|1,1|0,1|1,1|1,1|1,1|1,1|1,0|0,1|1,1|1,1|1,1|1,0|1,1|1,0|1,0|1,1|1,1|1,1|1,0|0,1|1,1|0,1|1,1|1,1|1,1|1,1|1,1|1,1|1,1|1,1|1,0|1,1|1,1|1,1|1,1|0,1|1,1|1,1|1,0|0,1|0,1|1,0|0,1|1,1|1,0|1,1|1,1|1,1|1,1|1,1|1
1,11026275,.,A,G,.,PASS,AC=2985;AN=5096;DP=24470;AF=0.59;EAS_AF=0.67;EUR_AF=0.82;AFR_AF=0.18;AMR_AF=0.76;SAS_AF=0.68;VT=SNP;NS=2548,GT,0|1,0|1,0|0,0|1,1|1,1|1,0|1,0|1,1|0,1|1,0|1,1|0,1|1,1|0,1|1,1|1,1|1,1|1,1|1,0|0,1|1,1|1,1|1,1|1,0|1,1|1,0|1,0|1,1|1,1|1,1|1,0|0,1|1,1|0,1|1,1|1,1|1,1|1,1|1,1|1,1|1,1|1,1|1,0|1,1|1,1|1,1|1,1|0,1|1,1|1,1|1,0|0,1|0,1|1,0|0,1|1,1|1,0|1,1|1,1|1,1|1,1|1,1|1
1,11026382,.,C,T,.,PASS,AC=4246;AN=5096;DP=23194;AF=0.83;EAS_AF=0.87;EUR_AF=0.83;AFR_AF=0.82;AMR_AF=0.84;SAS_AF=0.8;VT=SNP;NS=2548,GT,1|1,0|1,0|0,0|1,1|1,1|1,0|1,0|1,1|1,1|1,0|1,1|1,1|1,1|1,1|1,1|1,1|1,1|1,1|1,0|0,1|1,1|1,1|1,1|1,0|1,1|1,1|1,0|1,1|1,1|1,1|1,0|0,1|1,1|1,1|1,1|1,1|1,1|1,1|1,1|1,1|1,1|1,1|1,1|1,1|1,1|1,1|1,1|1,1|1,1|1,1|1,0|0,1|0,1|1,0|0,1|1,1|1,0|1,1|1,1|1,1|1,1|1,1|1
1,11026660,.,A,G,.,PASS,AC=3615;AN=5096;DP=35735;AF=0.71;EAS_AF=0.87;EUR_AF=0.84;AFR_AF=0.37;AMR_AF=0.8;SAS_AF=0.8;VT=SNP;NS=2548,GT,0|1,0|1,0|0,0|1,1|1,1|1,0|1,0|1,1|0,1|1,0|1,1|0,1|1,1|1,1|1,1|1,1|1,1|1,1|1,0|0,1|1,1|1,1|1,1|1,0|1,1|1,0|1,0|1,1|1,1|1,1|1,0|0,1|1,1|1,1|1,1|1,1|1,1|1,1|1,1|1,1|1,1|1,1|1,0|1,1|1,1|1,1|1,1|1,1|1,1|1,1|1,0|0,1|0,1|1,0|0,1|1,1|1,0|1,1|1,1|1,1|1,1|1,1|1
1,11027215,.,T,G,.,PASS,AC=36;AN=5096;DP=404082;AF=0.01;EAS_AF=0.03;EUR_AF=0;AFR_AF=0;AMR_AF=0;SAS_AF=0;EX_TARGET;VT=SNP;NS=2548,GT,0|0,0|0,0|0,0|0,0|0,0|0,0|0,0|0,0|0,0|0,0|0,0|0,0|0,0|0,0|0,0|0,0|0,0|0,0|0,0|0,0|0,0|0,0|0,0|0,0|0,0|0,0|0,0|0,0|0,0|0,0|0,0|0,0|0,0|0,0|0,0|0,0|0,0|0,0|0,0|0,0|0,0|0,0|0,0|0,0|0,0|0,0|0,0|0,0|0,0|0,0|0,0|0,0|0,0|0,0|0,0|0,0|0,0|0,0|0,0|0,1|0,0|0,0|0
1,11027454,.,G,A,.,PASS,AC=1;AN=5096;DP=435702;AF=0;EAS_AF=0;EUR_AF=0;AFR_AF=0;AMR_AF=0;SAS_AF=0;EX_TARGET;VT=SNP;NS=2548,GT,0|0,0|0,0|0,0|0,0|0,0|0,0|0,0|0,0|0,0|0,0|0,0|0,0|0,0|0,0|0,0|0,0|0,0|0,0|0,0|0,0|0,0|0,0|0,0|0,0|0,0|0,0|0,0|0,0|0,0|0,0|0,0|0,0|0,0|0,0|0,0|0,0|0,0|0,0|0,0|0,0|0,0|0,0|0,0|0,0|0,0|0,0|0,0|0,0|0,0|0,1|0,0|0,0|0,0|0,0|0,0|0,0|0,0|0,0|0,0|0,0|0,0|0,0|0
1,11027467,.,G,A,.,PASS,AC=3505;AN=5096;DP=423544;AF=0.69;EAS_AF=0.87;EUR_AF=0.84;AFR_AF=0.3;AMR_AF=0.8;SAS_AF=0.8;EX_TARGET;VT=SNP;NS=2548,GT,0|1,0|1,0|0,0|1,1|1,1|1,0|1,0|1,1|0,1|1,0|1,1|0,1|1,1|1,1|1,1|1,1|1,1|1,1|1,0|0,1|1,1|1,1|1,1|1,0|1,1|1,0|1,0|1,1|1,1|1,1|1,0|0,1|1,1|1,1|1,1|1,1|1,1|1,1|1,1|1,1|1,1|1,1|1,0|1,1|1,1|1,1|1,1|1,1|1,1|1,1|1,0|0,1|0,1|1,0|0,1|1,1|1,0|1,1|1,1|1,1|1,1|1,1|1
1,11027524,.,A,G,.,PASS,AC=1;AN=5096;DP=362016;AF=0;EAS_AF=0;EUR_AF=0;AFR_AF=0;AMR_AF=0;SAS_AF=0;EX_TARGET;VT=SNP;NS=2548,GT,0|0,0|0,0|0,0|0,0|0,0|0,0|0,0|0,0|0,0|0,0|0,0|0,0|0,0|0,0|0,0|0,0|0,0|0,0|0,0|0,0|0,0|0,0|0,0|0,0|0,0|0,0|0,0|0,0|0,0|0,0|0,0|0,0|0,0|0,0|0,0|0,0|0,0|0,0|0,0|0,0|0,0|0,0|0,0|0,0|0,0|0,0|0,0|0,0|0,0|0,0|0,0|0,0|0,0|0,0|0,0|0,0|0,0|1,0|0,0|0,0|0,0|0,0|0
1,11027630,.,C,T,.,PASS,AC=147;AN=5096;DP=241582;AF=0.03;EAS_AF=0;EUR_AF=0;AFR_AF=0.1;AMR_AF=0.01;SAS_AF=0;EX_TARGET;VT=SNP;NS=2548,GT,1|0,0|0,0|0,0|0,0|0,0|0,0|0,0|0,0|0,0|0,0|0,0|0,0|0,0|0,0|0,0|0,0|0,0|0,0|0,0|0,0|0,0|0,0|0,0|0,0|0,0|0,1|0,0|0,0|0,0|0,0|0,0|0,0|0,0|0,0|0,0|0,0|0,0|0,0|0,0|0,0|0,0|0,0|0,1|0,0|0,0|0,0|0,0|0,0|0,0|0,0|0,0|0,0|0,0|0,0|0,0|0,0|0,0|0,0|0,0|0,0|0,0|0,0|0
1,11027778,.,T,C,.,PASS,AC=4267;AN=5096;DP=49043;AF=0.84;EAS_AF=0.87;EUR_AF=0.84;AFR_AF=0.83;AMR_AF=0.84;SAS_AF=0.81;VT=SNP;NS=2548,GT,1|1,0|1,0|0,0|1,1|1,1|1,0|1,0|1,1|1,1|1,0|1,1|1,1|1,1|1,1|1,1|1,1|1,1|1,1|1,0|0,1|1,1|1,1|1,1|1,0|1,1|1,1|1,0|1,1|1,1|1,1|1,0|0,1|1,1|1,1|1,1|1,1|1,1|1,1|1,1|1,1|1,1|1,1|1,1|1,1|1,1|1,1|1,1|1,1|1,1|1,1|1,0|0,1|0,1|1,0|0,1|1,1|1,0|1,1|1,1|1,1|1,1|1,1|1
1,11028159,.,T,G,.,PASS,AC=238;AN=5096;DP=20846;AF=0.05;EAS_AF=0;EUR_AF=0;AFR_AF=0.16;AMR_AF=0.02;SAS_AF=0;VT=SNP;NS=2548,GT,0|0,0|0,0|0,0|0,0|0,0|0,0|0,0|0,0|0,0|0,0|0,0|1,0|0,0|0,0|0,0|0,0|0,0|0,0|0,0|0,0|0,0|0,0|0,0|0,0|0,0|0,0|0,0|0,0|0,0|0,0|0,0|0,0|0,0|0,0|0,0|0,0|0,0|0,0|0,0|0,0|0,0|0,0|0,0|0,0|0,0|0,0|0,0|0,0|0,0|0,0|0,0|0,0|0,0|0,0|0,0|0,0|0,0|0,0|0,0|0,0|0,0|0,0|0
1,11028247,.,A,C,.,PASS,AC=36;AN=5096;DP=23858;AF=0.01;EAS_AF=0.03;EUR_AF=0;AFR_AF=0;AMR_AF=0;SAS_AF=0;VT=SNP;NS=2548,GT,0|0,0|0,0|0,0|0,0|0,0|0,0|0,0|0,0|0,0|0,0|0,0|0,0|0,0|0,0|0,0|0,0|0,0|0,0|0,0|0,0|0,0|0,0|0,0|0,0|0,0|0,0|0,0|0,0|0,0|0,0|0,0|0,0|0,0|0,0|0,0|0,0|0,0|0,0|0,0|0,0|0,0|0,0|0,0|0,0|0,0|0,0|0,0|0,0|0,0|0,0|0,0|0,0|0,0|0,0|0,0|0,0|0,0|0,0|0,0|0,1|0,0|0,0|0
1,11028697,.,G,T,.,PASS,AC=11;AN=5096;DP=19237;AF=0;EAS_AF=0;EUR_AF=0;AFR_AF=0.01;AMR_AF=0;SAS_AF=0;VT=SNP;NS=2548,GT,0|0,0|0,0|0,0|0,0|0,0|0,0|0,0|0,0|0,0|0,0|0,0|0,0|0,0|0,0|0,0|0,0|0,0|0,0|0,0|0,0|0,0|0,0|0,0|0,0|0,0|0,0|0,0|0,0|0,0|0,0|0,0|0,0|0,0|0,0|0,0|0,0|0,0|0,0|0,0|0,0|0,0|0,0|0,0|0,0|0,0|0,0|0,0|0,0|0,0|0,0|0,0|0,0|0,0|0,1|0,0|0,0|0,0|0,0|0,0|0,0|0,0|0,0|0
1,11028712,.,T,G,.,PASS,AC=3057;AN=5096;DP=16273;AF=0.6;EAS_AF=0.61;EUR_AF=0.7;AFR_AF=0.43;AMR_AF=0.71;SAS_AF=0.63;VT=SNP;NS=2548,GT,0|1,0|1,0|0,0|1,1|1,1|1,0|1,0|1,1|0,1|1,0|1,1|1,0|1,1|0,1|1,1|0,1|1,1|1,1|1,0|0,1|1,1|1,1|1,1|1,0|1,0|1,1|1,0|1,1|1,1|1,1|1,0|0,1|0,1|0,1|1,1|1,1|1,1|1,1|1,1|1,1|1,1|1,1|1,1|1,1|1,0|1,1|1,1|1,0|1,1|1,0|1,0|0,0|0,1|1,0|0,1|1,1|1,0|1,1|1,1|1,1|1,1|1,1|1
1,11028715,.,T,G,.,PASS,AC=138;AN=5096;DP=16504;AF=0.03;EAS_AF=0.03;EUR_AF=0.04;AFR_AF=0;AMR_AF=0.04;SAS_AF=0.03;VT=SNP;NS=2548,GT,0|0,0|0,0|0,0|0,0|0,0|0,0|0,0|0,0|0,0|0,0|0,0|0,0|0,0|0,0|0,0|1,0|0,0|0,0|0,0|0,0|0,0|0,0|0,0|0,0|0,0|0,0|0,0|0,0|0,0|0,0|0,0|0,0|0,0|0,0|0,0|0,0|0,0|0,0|0,0|0,0|0,0|0,0|0,0|0,0|0,0|0,0|0,0|0,0|0,0|0,1|0,0|0,1|0,0|0,0|0,0|0,0|0,0|0,0|0,0|0,0|0,0|0,0|0
1,11028716,.,T,G,.,PASS,AC=2622;AN=5096;DP=16542;AF=0.51;EAS_AF=0.61;EUR_AF=0.7;AFR_AF=0.13;AMR_AF=0.68;SAS_AF=0.62;VT=SNP;NS=2548,GT,0|1,0|1,0|0,0|1,1|1,1|1,0|1,0|1,1|0,1|1,0|1,1|0,0|1,1|0,1|1,1|0,1|1,1|1,1|1,0|0,1|1,1|1,1|1,1|1,0|1,0|1,0|1,0|1,1|1,1|1,1|1,0|0,1|0,1|0,1|1,1|1,1|1,1|1,1|1,1|1,1|1,1|1,1|1,0|1,1|1,0|1,1|1,1|1,0|1,1|1,0|1,0|0,0|0,1|1,0|0,1|1,1|1,0|1,1|1,1|1,1|1,1|1,1|1
1,11028717,.,T,G,.,PASS,AC=1177;AN=5096;DP=16595;AF=0.23;EAS_AF=0.2;EUR_AF=0.06;AFR_AF=0.52;AMR_AF=0.09;SAS_AF=0.14;VT=SNP;NS=2548,GT,1|0,0|0,0|0,0|0,0|0,0|0,0|0,0|0,0|1,0|0,0|0,0|1,0|0,0|1,0|0,0|0,0|0,0|0,0|0,0|0,0|0,0|0,0|0,0|0,0|0,1|0,1|0,0|0,0|0,0|0,0|0,0|0,0|1,0|1,0|0,0|0,0|0,0|0,0|0,0|0,0|0,0|0,0|0,1|0,0|0,0|0,0|0,0|0,1|0,0|0,0|0,0|0,0|0,0|0,0|0,0|0,0|0,0|0,0|0,0|0,0|0,0|0,0|0
1,11028719,.,T,G,.,PASS,AC=258;AN=5096;DP=16746;AF=0.05;EAS_AF=0.03;EUR_AF=0.04;AFR_AF=0.09;AMR_AF=0.04;SAS_AF=0.03;VT=SNP;NS=2548,GT,1|0,0|0,0|0,0|0,0|0,0|0,0|0,0|0,0|0,0|0,0|0,0|0,0|0,0|0,0|0,0|1,0|0,0|0,0|0,0|0,0|0,0|0,0|0,0|0,0|0,0|0,0|0,0|0,0|0,0|0,0|0,0|0,0|0,0|0,0|0,0|0,0|0,0|0,0|0,0|0,0|0,0|0,0|0,0|0,0|0,0|0,0|0,0|0,0|0,0|0,1|0,0|0,1|0,0|0,0|0,0|0,0|0,0|0,0|0,0|0,0|0,0|0,0|0
1,11028720,.,T,G,.,PASS,AC=2058;AN=5096;DP=16850;AF=0.4;EAS_AF=0.5;EUR_AF=0.56;AFR_AF=0.06;AMR_AF=0.56;SAS_AF=0.5;VT=SNP;NS=2548,GT,0|1,0|1,0|0,0|1,1|0,1|1,0|1,0|1,1|0,1|0,0|1,1|0,0|1,1|0,1|1,1|0,1|1,0|1,0|1,0|0,1|1,1|1,0|1,1|1,0|1,0|1,0|1,0|1,1|1,0|1,1|0,0|0,1|0,1|0,1|1,1|1,0|1,1|1,1|1,1|1,1|1,1|1,1|1,0|0,1|1,0|0,1|1,1|0,0|1,1|1,0|1,0|0,1|0,1|1,0|0,1|1,1|0,0|1,1|1,1|1,1|1,1|1,0|1
1,11028722,.,T,G,.,PASS,AC=508;AN=5096;DP=17739;AF=0.1;EAS_AF=0;EUR_AF=0;AFR_AF=0.36;AMR_AF=0.04;SAS_AF=0.01;VT=SNP;NS=2548,GT,1|0,0|0,0|0,0|0,0|0,0|0,0|0,0|0,0|1,0|0,0|0,0|1,0|0,0|0,0|0,0|0,0|0,0|0,0|0,0|0,0|0,0|0,0|0,0|0,0|0,0|0,1|0,0|0,0|0,0|0,0|0,0|0,0|0,0|0,0|0,0|0,0|0,0|0,0|0,0|0,0|0,0|0,0|0,1|0,0|0,0|0,0|0,0|0,0|0,0|0,0|0,0|0,0|0,0|0,0|0,0|0,0|0,0|0,0|0,0|0,0|0,0|0,0|0
1,11028724,.,T,G,.,PASS,AC=214;AN=5096;DP=17500;AF=0.04;EAS_AF=0.03;EUR_AF=0.05;AFR_AF=0.01;AMR_AF=0.07;SAS_AF=0.08;VT=SNP;NS=2548,GT,0|0,0|0,0|0,0|0,0|0,0|1,0|0,0|0,0|0,0|0,0|0,0|0,0|1,0|0,0|0,0|0,0|0,0|1,0|0,0|0,1|0,0|0,0|0,0|0,0|0,0|0,0|0,0|1,0|1,0|1,1|0,0|0,0|0,0|0,0|1,0|0,0|0,1|0,0|0,0|1,0|0,0|0,0|0,0|0,1|0,0|0,0|0,0|0,0|0,0|1,0|0,0|0,0|0,0|0,0|0,0|0,0|0,0|0,1|0,1|1,0|1,0|0,0|0
1,11029045,.,T,G,.,PASS,AC=238;AN=5096;DP=14598;AF=0.05;EAS_AF=0;EUR_AF=0;AFR_AF=0.16;AMR_AF=0.02;SAS_AF=0;VT=SNP;NS=2548,GT,0|0,0|0,0|0,0|0,0|0,0|0,0|0,0|0,0|0,0|0,0|0,0|1,0|0,0|0,0|0,0|0,0|0,0|0,0|0,0|0,0|0,0|0,0|0,0|0,0|0,0|0,0|0,0|0,0|0,0|0,0|0,0|0,0|0,0|0,0|0,0|0,0|0,0|0,0|0,0|0,0|0,0|0,0|0,0|0,0|0,0|0,0|0,0|0,0|0,0|0,0|0,0|0,0|0,0|0,0|0,0|0,0|0,0|0,0|0,0|0,0|0,0|0,0|0
1,11029168,.,AT,A,.,PASS,AC=3628;AN=5096;DP=16247;AF=0.71;EAS_AF=0.87;EUR_AF=0.84;AFR_AF=0.38;AMR_AF=0.8;SAS_AF=0.81;VT=INDEL;NS=2548,GT,0|1,0|1,0|0,0|1,1|1,1|1,0|1,0|1,1|0,1|1,0|1,1|0,1|1,1|1,1|1,1|1,1|1,1|1,1|1,0|0,1|1,1|1,1|1,1|1,0|1,1|1,0|1,0|1,1|1,1|1,0|1,0|0,1|1,1|1,1|1,1|1,1|1,1|1,1|1,1|1,1|1,1|1,1|1,0|1,1|1,1|1,1|1,1|1,1|1,1|1,1|1,0|0,1|0,1|1,0|0,1|1,1|1,0|1,1|1,1|1,1|1,1|1,1|1
1,11029191,.,G,A,.,PASS,AC=53;AN=5096;DP=16385;AF=0.01;EAS_AF=0;EUR_AF=0;AFR_AF=0;AMR_AF=0.07;SAS_AF=0;VT=SNP;NS=2548,GT,0|0,0|0,0|0,0|0,0|0,0|0,0|0,0|0,0|0,0|0,0|0,0|0,1|0,0|0,0|0,1|0,0|1,0|0,0|0,0|0,0|0,0|0,0|0,0|0,0|0,0|0,0|0,0|0,0|0,0|0,0|0,0|0,0|0,1|0,0|0,0|0,0|1,0|0,1|0,0|0,1|0,1|0,0|0,0|0,0|0,0|0,0|0,0|0,0|0,0|0,0|0,0|0,0|0,0|0,0|0,0|1,0|0,0|0,0|1,0|0,0|0,0|0,0|0
1,11029406,.,T,A,.,PASS,AC=4266;AN=5096;DP=13102;AF=0.84;EAS_AF=0.87;EUR_AF=0.84;AFR_AF=0.83;AMR_AF=0.84;SAS_AF=0.82;VT=SNP;NS=2548,GT,1|1,0|1,0|0,0|1,1|1,1|1,0|1,0|1,1|1,1|1,0|1,1|1,1|1,1|1,1|1,1|1,1|1,1|1,1|1,0|0,1|1,1|1,1|1,1|1,0|1,1|1,1|1,0|1,1|1,1|1,1|1,0|0,1|1,1|1,1|1,1|1,1|1,1|1,1|1,1|1,1|1,1|1,1|1,1|1,1|1,1|1,1|1,1|1,1|1,1|1,1|1,0|0,1|0,1|1,0|0,1|1,1|1,0|1,1|1,1|1,1|1,1|1,1|1
1,11029553,.,A,T,.,PASS,AC=16;AN=5096;DP=16772;AF=0;EAS_AF=0;EUR_AF=0.01;AFR_AF=0;AMR_AF=0.01;SAS_AF=0;VT=SNP;NS=2548,GT,0|0,0|0,0|0,0|0,0|0,0|0,0|0,0|0,0|0,0|0,0|0,0|0,0|0,0|0,0|0,0|0,0|0,0|0,0|0,0|1,0|0,0|0,0|0,0|0,0|0,0|0,0|0,0|0,0|0,0|0,0|0,0|0,0|0,0|0,0|0,0|0,0|0,0|0,0|0,0|0,0|0,0|0,0|0,0|0,0|0,0|0,0|0,0|0,0|0,0|0,0|0,1|0,0|0,0|0,0|0,0|0,0|0,0|0,0|0,0|0,0|0,0|0,0|0
1,11029787,.,TACC,T,.,PASS,AC=204;AN=5096;DP=15022;AF=0.04;EAS_AF=0;EUR_AF=0;AFR_AF=0.15;AMR_AF=0.01;SAS_AF=0;VT=INDEL;NS=2548,GT,1|0,0|0,0|0,0|0,0|0,0|0,0|0,0|0,0|0,0|0,0|0,0|0,0|0,0|0,0|0,0|0,0|0,0|0,0|0,0|0,0|0,0|0,0|0,0|0,0|0,0|0,1|0,0|0,0|0,0|0,0|0,0|0,0|0,0|0,0|0,0|0,0|0,0|0,0|0,0|0,0|0,0|0,0|0,1|0,0|0,0|0,0|0,0|0,0|0,0|0,0|0,0|0,0|0,0|0,0|0,0|0,0|0,0|0,0|0,0|0,0|0,0|0,0|0
1,11029957,.,A,G,.,PASS,AC=94;AN=5096;DP=47943;AF=0.02;EAS_AF=0;EUR_AF=0;AFR_AF=0.07;AMR_AF=0.01;SAS_AF=0;VT=SNP;NS=2548,GT,0|0,0|0,0|0,0|0,0|0,0|0,0|0,0|0,0|0,0|0,1|0,0|0,0|0,0|0,0|0,0|0,0|0,0|0,0|0,0|0,0|0,0|0,0|0,0|0,0|0,0|0,0|0,0|0,0|0,0|0,0|0,0|0,0|0,0|0,0|0,0|0,0|0,0|0,0|0,0|0,0|0,0|0,0|0,0|0,0|0,0|0,0|0,0|0,0|0,0|0,0|0,0|0,0|0,0|0,0|0,0|0,0|0,0|0,0|0,0|0,0|0,0|0,0|0
1,11030317,.,AC,A,.,PASS,AC=148;AN=5096;DP=158869;AF=0.03;EAS_AF=0;EUR_AF=0;AFR_AF=0.11;AMR_AF=0.01;SAS_AF=0;VT=INDEL;NS=2548,GT,0|0,0|0,0|0,0|0,0|0,0|0,0|0,0|0,0|1,0|0,0|0,0|0,0|0,0|0,0|0,0|0,0|0,0|0,0|0,0|0,0|0,0|0,0|0,0|0,0|0,0|0,0|0,0|0,0|0,0|0,0|0,0|0,0|0,0|0,0|0,0|0,0|0,0|0,0|0,0|0,0|0,0|0,0|0,0|0,0|0,0|0,0|0,0|0,0|0,0|0,0|0,0|0,0|0,0|0,0|0,0|0,0|0,0|0,0|0,0|0,0|0,0|0,0|0
1,11030504,.,GTTAAA,G,.,PASS,AC=5;AN=5096;DP=45986;AF=0;EAS_AF=0;EUR_AF=0;AFR_AF=0;AMR_AF=0;SAS_AF=0;VT=INDEL;NS=2548,GT,0|0,0|0,0|0,0|0,0|0,0|0,0|0,0|0,0|0,0|0,0|0,0|0,0|0,0|0,0|0,0|0,0|0,0|0,0|0,0|0,0|1,0|0,0|0,0|0,0|0,0|0,0|0,0|0,0|0,0|0,0|0,0|0,0|0,0|0,0|0,0|0,0|0,0|0,0|0,0|0,0|0,0|0,0|0,0|0,0|0,0|0,0|0,0|0,0|0,0|0,0|0,0|0,0|0,0|0,0|0,0|0,0|0,0|0,0|0,0|0,0|0,0|0,0|0
