#CHROM,POS,ID,REF,ALT,QUAL,FILTER,INFO,FORMAT,HG01920,HG02003,HG02008,HG02271,HG01973,HG02278,HG01917,HG01997,HG01892,HG01982,HG01979,HG01991,HG02262,HG01950,HG02286,HG01980,HG01948,HG01926,HG01961,HG02277,HG02266,HG01941,HG02002,HG01967,HG02252,HG02272,HG01578,HG02285,HG02260,HG02348,HG01992,HG01951,HG02090,HG01971,HG02292,HG01932,HG01935,HG02425,HG02006,HG01954,HG02253,HG02147,HG01974,HG02259,HG01965,HG02345,HG01924,HG01572,HG01942,HG01927,HG02298,HG01947,HG02274,HG01970,HG02291,HG01944,HG01953,HG02275,HG01939,HG01923,HG01918,HG01571,HG01566,HG01945,HG02104,HG01977,HG02105,HG01968,HG01893,HG02146,HG02089,HG02312,HG01577,HG02150,HG02304,HG01921,HG02299,HG02265,HG02301,HG01976,HG01565,HG01936,HG01938,HG01933,HG02102
5,139274251,.,C,A,.,PASS,AC=61;AN=5096;DP=18984;AF=0.01;EAS_AF=0;EUR_AF=0.03;AFR_AF=0.01;AMR_AF=0.02;SAS_AF=0;VT=SNP;NS=2548,GT,0|0,0|0,0|0,0|0,0|0,0|0,0|0,0|0,0|0,0|0,0|0,0|0,0|0,0|0,0|0,0|0,0|0,0|0,0|0,0|0,0|0,0|0,0|0,0|0,0|0,0|0,0|0,0|0,0|0,0|0,0|0,0|0,0|0,0|0,0|0,0|0,0|0,0|0,1|0,0|0,0|0,0|0,0|0,0|0,0|0,0|0,0|0,0|0,0|0,0|0,0|0,0|0,0|0,0|0,0|0,0|0,0|0,0|0,0|0,0|0,0|0,0|0,0|0,0|0,0|0,0|0,0|0,0|0,0|0,0|0,0|0,0|0,0|0,0|0,0|0,0|0,0|0,0|1,0|0,0|0,0|0,0|0,0|0,0|0,0|0
5,139275182,.,A,G,.,PASS,AC=182;AN=5096;DP=8926;AF=0.04;EAS_AF=0.13;EUR_AF=0.01;AFR_AF=0;AMR_AF=0.05;SAS_AF=0.01;VT=SNP;NS=2548,GT,0|0,0|0,0|0,0|0,0|0,0|0,0|0,0|0,0|0,0|0,0|0,0|0,0|0,0|0,0|0,0|0,0|0,0|0,0|0,0|0,0|0,0|0,0|0,0|0,0|0,0|0,0|1,0|0,0|0,0|0,0|1,0|0,0|0,0|0,0|0,0|0,0|0,0|0,0|0,0|1,0|0,0|0,0|0,0|0,0|0,0|0,0|0,0|1,0|0,0|0,0|0,0|0,0|0,0|0,0|0,0|0,0|0,0|0,0|0,0|0,0|0,0|0,0|0,0|1,0|0,0|0,0|0,0|1,1|0,0|0,0|0,0|0,0|0,0|0,0|0,0|0,0|0,0|0,0|1,0|0,0|1,0|0,0|0,0|0,0|0
5,139275636,.,G,T,.,PASS,AC=5093;AN=5096;DP=22294;AF=1;EAS_AF=1;EUR_AF=1;AFR_AF=1;AMR_AF=1;SAS_AF=1;VT=SNP;NS=2548,GT,1|1,1|1,1|1,1|1,1|1,1|1,1|1,1|1,1|1,1|1,1|1,1|1,1|1,1|1,1|1,1|1,1|1,1|1,1|1,1|1,1|1,1|1,1|1,1|1,1|1,1|1,1|1,1|1,1|1,1|1,1|1,1|1,1|1,1|1,1|1,1|1,1|1,1|1,1|1,1|1,1|1,1|1,1|1,1|1,1|1,1|1,1|1,1|1,1|1,1|1,1|1,1|1,1|1,1|1,1|1,1|1,1|1,1|1,1|1,1|1,1|1,1|1,1|1,1|1,1|1,1|1,1|1,1|1,1|1,1|1,1|1,1|1,1|1,1|1,1|1,1|1,1|1,1|1,1|1,1|1,1|1,1|1,1|1,1|1,1|1
5,139277313,.,T,A,.,PASS,AC=18;AN=5096;DP=21125;AF=0;EAS_AF=0;EUR_AF=0.01;AFR_AF=0;AMR_AF=0.01;SAS_AF=0;VT=SNP;NS=2548,GT,0|0,0|0,0|0,0|0,0|0,0|0,0|0,0|0,0|0,0|0,0|0,0|0,0|0,0|0,0|0,0|0,0|0,0|0,0|0,0|0,0|0,0|0,0|0,0|0,0|0,0|0,0|0,0|0,0|0,0|0,0|0,0|0,0|0,0|0,0|0,0|0,0|0,0|0,0|0,0|0,0|0,0|0,0|0,0|0,0|0,0|0,0|0,0|0,0|0,0|0,0|1,0|0,0|0,0|0,0|0,0|0,0|0,0|0,0|0,0|0,0|0,0|0,0|0,0|0,0|0,0|0,0|0,0|0,0|0,0|0,0|0,0|0,0|0,0|0,0|0,0|0,0|0,0|0,0|0,0|0,0|0,0|0,0|0,0|0,0|0
5,139277341,.,C,T,.,PASS,AC=81;AN=5096;DP=21733;AF=0.02;EAS_AF=0;EUR_AF=0;AFR_AF=0;AMR_AF=0.11;SAS_AF=0;VT=SNP;NS=2548,GT,0|0,0|1,0|0,1|1,0|1,0|1,0|0,0|0,0|0,1|0,0|1,0|0,0|0,1|1,1|1,0|0,0|0,1|0,1|0,0|0,0|0,0|0,1|0,0|0,0|0,1|0,1|0,0|1,0|0,1|0,1|0,0|1,1|0,1|0,0|0,1|0,0|0,0|0,0|0,1|0,0|1,0|1,1|0,1|0,0|1,0|0,0|1,0|0,1|0,0|0,0|0,0|0,0|0,0|0,0|1,0|0,0|1,0|0,1|0,0|0,0|0,1|0,0|0,0|0,0|0,1|1,0|0,1|0,0|0,0|0,0|1,0|0,0|0,0|0,0|0,0|1,0|0,0|0,0|0,0|0,1|0,0|0,0|0,0|0,0|0
5,139277456,.,A,T,.,PASS,AC=1;AN=5096;DP=22228;AF=0;EAS_AF=0;EUR_AF=0;AFR_AF=0;AMR_AF=0;SAS_AF=0;VT=SNP;NS=2548,GT,0|0,0|0,0|0,0|0,0|0,0|0,0|0,0|0,0|0,0|0,0|0,0|0,0|0,0|0,0|0,0|0,0|0,0|0,0|0,0|0,0|0,0|0,0|0,0|0,0|0,0|0,0|0,0|0,0|0,0|0,0|0,0|0,0|0,0|0,0|0,0|0,0|0,0|0,0|0,0|0,0|0,0|0,0|0,0|0,0|0,0|0,0|0,0|0,0|0,0|0,0|0,0|0,0|0,0|0,0|0,0|0,0|0,0|0,0|0,0|0,0|0,0|0,0|0,0|0,0|0,0|0,0|0,0|0,0|0,0|0,0|0,0|0,1|0,0|0,0|0,0|0,0|0,0|0,0|0,0|0,0|0,0|0,0|0,0|0,0|0
5,139278234,.,T,A,.,PASS,AC=526;AN=5096;DP=17776;AF=0.1;EAS_AF=0.35;EUR_AF=0.02;AFR_AF=0.04;AMR_AF=0.12;SAS_AF=0.01;VT=SNP;NS=2548,GT,0|1,0|0,0|0,0|0,0|0,0|0,0|0,0|0,0|0,0|0,0|0,1|1,0|0,0|0,0|0,0|0,0|0,0|0,0|0,0|0,0|0,0|0,0|0,0|0,1|0,0|0,0|1,0|0,0|0,0|0,0|1,0|0,0|0,0|0,0|1,0|0,1|0,0|0,0|0,0|1,0|0,0|0,0|0,0|1,0|0,0|0,1|0,1|1,0|0,0|0,0|0,0|1,0|0,0|1,1|0,1|1,0|0,0|1,0|0,0|1,0|0,0|0,0|0,0|1,0|1,0|0,0|0,0|1,1|1,0|0,0|0,0|1,0|0,0|0,0|0,0|0,1|1,0|0,0|1,0|0,0|1,0|0,1|0,0|0,0|0
5,139278248,.,T,C,.,PASS,AC=2358;AN=5096;DP=18545;AF=0.46;EAS_AF=0.22;EUR_AF=0.69;AFR_AF=0.26;AMR_AF=0.65;SAS_AF=0.62;VT=SNP;NS=2548,GT,1|0,0|1,1|1,1|1,1|1,1|1,1|1,1|1,1|1,1|1,1|1,0|0,1|1,1|1,1|1,1|1,1|0,1|1,1|1,1|1,1|1,1|1,1|1,1|1,0|1,1|1,1|0,1|1,1|0,1|1,1|0,1|1,1|0,1|0,1|0,1|1,0|1,1|1,1|1,1|0,0|1,0|1,1|1,1|0,1|1,1|1,0|1,0|0,1|1,1|1,1|0,0|0,0|1,1|0,0|1,0|0,1|1,1|0,1|1,1|0,1|1,1|0,1|1,1|0,1|0,1|1,1|1,1|0,0|0,1|1,1|1,1|0,1|1,1|1,1|1,1|1,0|0,1|1,1|0,0|0,1|0,0|1,0|1,1|0,1|1
5,139278588,.,A,G,.,PASS,AC=1978;AN=5096;DP=32773;AF=0.39;EAS_AF=0.2;EUR_AF=0.64;AFR_AF=0.07;AMR_AF=0.6;SAS_AF=0.59;VT=SNP;NS=2548,GT,1|0,0|1,1|1,1|1,1|1,1|1,1|1,1|1,1|1,1|1,1|1,0|0,1|1,1|1,1|1,1|1,1|0,1|1,1|1,1|1,1|1,0|1,1|1,1|1,0|1,1|1,1|0,1|1,1|0,1|1,1|0,1|1,1|0,1|0,1|0,1|1,0|1,1|1,1|1,1|0,0|1,0|1,1|1,1|0,1|1,0|1,0|1,0|0,1|1,1|1,1|0,0|0,0|1,1|0,0|1,0|0,1|1,0|0,1|1,1|0,1|1,1|0,1|0,1|0,1|0,1|1,1|0,1|0,0|0,1|1,1|1,1|0,1|1,1|1,1|1,1|1,0|0,1|1,1|0,0|0,1|0,0|1,0|1,0|0,1|1
5,139278604,.,G,C,.,PASS,AC=22;AN=5096;DP=34292;AF=0;EAS_AF=0;EUR_AF=0;AFR_AF=0.01;AMR_AF=0;SAS_AF=0;VT=SNP;NS=2548,GT,0|0,0|0,0|0,0|0,0|0,0|0,0|0,0|0,0|0,0|0,0|0,0|0,0|0,0|0,0|0,0|0,0|0,0|0,0|0,0|0,0|0,0|0,0|0,0|0,0|0,0|0,0|0,0|0,0|0,0|0,0|0,0|0,0|0,0|0,0|0,0|0,0|0,0|0,0|0,0|0,0|0,0|0,0|0,0|0,0|0,1|0,0|0,0|0,0|0,0|0,0|0,0|0,0|0,0|0,0|0,0|0,0|0,0|0,0|0,0|0,0|0,0|0,0|0,0|0,0|0,0|0,0|0,0|0,0|0,0|0,0|0,0|0,0|0,0|0,0|0,0|0,0|0,0|0,0|0,0|0,0|0,0|0,0|0,0|0,0|0
5,139278781,.,T,C,.,PASS,AC=6;AN=5096;DP=141332;AF=0;EAS_AF=0;EUR_AF=0;AFR_AF=0;AMR_AF=0;SAS_AF=0;EX_TARGET;VT=SNP;NS=2548,GT,0|0,0|0,0|0,0|0,0|0,0|0,0|0,0|0,0|0,0|0,0|0,0|0,0|0,0|0,0|0,0|0,0|0,0|0,0|0,0|0,0|0,0|0,0|0,0|0,0|0,0|0,0|0,0|0,0|0,0|0,0|0,0|0,0|0,0|0,0|0,0|0,0|0,0|0,0|0,0|0,0|0,0|0,0|0,0|0,0|0,0|0,0|0,0|0,0|0,0|0,0|0,0|0,0|0,0|0,0|0,0|0,0|0,0|0,0|0,0|0,0|0,0|0,0|0,0|0,0|0,0|0,0|0,0|0,0|0,0|0,0|0,0|0,0|0,0|0,0|0,0|0,0|0,0|0,0|0,0|0,0|1,0|0,0|0,0|0,0|0
5,139279241,.,T,G,.,PASS,AC=172;AN=5096;DP=20418;AF=0.03;EAS_AF=0;EUR_AF=0;AFR_AF=0.11;AMR_AF=0.01;SAS_AF=0.01;VT=SNP;NS=2548,GT,0|0,0|0,0|0,0|0,0|0,0|0,0|0,0|0,0|0,0|0,0|0,0|0,0|0,0|0,0|0,0|0,0|0,0|0,0|0,0|0,0|0,0|0,0|0,0|0,0|0,0|0,0|0,0|0,0|0,0|0,0|0,0|0,0|0,0|0,0|0,0|0,0|0,0|0,0|0,0|0,0|0,0|0,0|0,0|0,0|0,0|0,0|0,0|0,0|0,0|0,0|0,0|0,0|0,0|0,0|0,0|0,0|0,0|0,0|0,0|0,0|0,0|0,0|0,0|0,0|0,0|0,0|0,0|0,0|0,0|0,0|0,0|0,0|0,0|0,0|0,0|0,0|0,0|0,0|0,0|0,0|0,0|0,0|0,0|1,0|0
5,139279331,.,C,T,.,PASS,AC=2;AN=5096;DP=18044;AF=0;EAS_AF=0;EUR_AF=0;AFR_AF=0;AMR_AF=0;SAS_AF=0;VT=SNP;NS=2548,GT,0|0,0|0,0|0,0|0,0|0,0|0,0|0,0|0,0|0,0|0,0|0,0|0,0|0,1|0,0|0,0|0,0|0,0|0,0|0,0|0,0|0,0|0,0|0,0|0,0|0,0|0,0|0,0|0,0|0,0|0,0|0,0|0,0|0,0|0,0|0,0|0,0|0,0|0,0|0,0|0,0|0,0|0,0|0,0|0,0|0,0|0,0|0,0|0,0|0,0|0,0|0,0|0,0|0,0|0,0|0,0|0,0|0,0|0,0|0,0|0,0|0,0|0,0|0,0|0,0|0,0|0,0|0,0|0,0|0,0|0,0|0,0|0,0|0,0|0,0|0,0|0,0|0,0|0,0|0,0|0,0|0,0|0,0|0,0|0,0|0
5,139279648,.,C,T,.,PASS,AC=1;AN=5096;DP=20453;AF=0;EAS_AF=0;EUR_AF=0;AFR_AF=0;AMR_AF=0;SAS_AF=0;VT=SNP;NS=2548,GT,0|0,0|0,0|0,0|0,0|0,0|0,0|1,0|0,0|0,0|0,0|0,0|0,0|0,0|0,0|0,0|0,0|0,0|0,0|0,0|0,0|0,0|0,0|0,0|0,0|0,0|0,0|0,0|0,0|0,0|0,0|0,0|0,0|0,0|0,0|0,0|0,0|0,0|0,0|0,0|0,0|0,0|0,0|0,0|0,0|0,0|0,0|0,0|0,0|0,0|0,0|0,0|0,0|0,0|0,0|0,0|0,0|0,0|0,0|0,0|0,0|0,0|0,0|0,0|0,0|0,0|0,0|0,0|0,0|0,0|0,0|0,0|0,0|0,0|0,0|0,0|0,0|0,0|0,0|0,0|0,0|0,0|0,0|0,0|0,0|0
5,139280676,.,G,A,.,PASS,AC=2;AN=5096;DP=21688;AF=0;EAS_AF=0;EUR_AF=0;AFR_AF=0;AMR_AF=0;SAS_AF=0;VT=SNP;NS=2548,GT,0|0,0|0,0|0,0|0,0|0,0|0,0|0,0|0,0|0,0|0,0|0,0|0,0|0,0|0,0|0,0|0,0|0,0|0,0|0,0|0,0|0,0|0,0|0,0|0,0|0,0|0,0|0,0|0,0|0,0|0,0|0,0|0,0|0,0|0,0|0,0|0,0|0,0|0,0|0,0|0,0|0,0|0,0|0,0|0,0|0,0|0,0|0,0|0,0|0,0|0,0|0,0|0,0|0,0|0,0|0,0|0,0|0,0|0,0|0,0|0,0|0,0|0,0|0,0|0,0|0,0|0,0|0,0|0,0|0,0|0,0|0,0|0,0|0,0|0,0|0,0|0,1|0,0|0,0|0,0|0,0|0,0|0,0|0,0|0,0|0
5,139280844,.,A,ATTCTG,.,PASS,AC=4592;AN=5096;DP=20613;AF=0.9;EAS_AF=0.91;EUR_AF=0.86;AFR_AF=0.99;AMR_AF=0.9;SAS_AF=0.81;VT=INDEL;NS=2548,GT,1|1,0|1,1|1,1|1,1|1,1|1,1|1,1|1,1|1,1|1,1|1,1|1,1|1,1|1,1|1,1|1,1|0,1|1,1|1,1|1,1|1,0|1,1|1,1|1,1|1,1|1,1|1,1|1,1|1,1|1,1|1,1|1,1|1,1|0,1|1,1|1,1|1,1|1,1|1,1|1,1|1,1|1,1|1,1|1,1|1,1|1,1|1,1|1,1|1,1|1,1|1,1|1,1|1,1|1,1|1,1|1,1|1,1|1,1|1,1|1,1|1,1|1,1|1,1|1,1|1,1|1,1|1,1|1,1|1,1|1,1|1,1|1,1|1,1|1,1|1,1|1,1|1,1|1,1|1,0|0,1|1,1|1,1|1,0|1,1|1
5,139281353,.,T,G,.,PASS,AC=2;AN=5096;DP=20769;AF=0;EAS_AF=0;EUR_AF=0;AFR_AF=0;AMR_AF=0;SAS_AF=0;VT=SNP;NS=2548,GT,0|0,0|0,0|0,0|0,0|0,0|0,0|0,0|0,0|0,0|0,0|0,0|0,0|0,0|0,0|0,0|0,0|0,0|0,0|0,0|0,0|0,0|0,0|0,0|0,0|0,0|0,0|0,0|0,0|0,0|0,0|0,0|0,0|0,0|0,0|0,0|0,0|0,0|0,0|0,0|0,0|0,0|0,0|1,0|0,0|0,0|0,0|0,0|0,0|0,0|0,0|0,0|0,0|0,0|0,0|0,0|0,0|0,0|0,0|0,0|0,0|0,0|0,0|0,0|0,0|0,0|0,0|0,0|0,0|0,0|0,0|0,0|0,0|0,0|0,0|0,0|0,0|0,0|0,0|0,0|0,0|0,0|0,0|0,0|0,0|0
5,139281495,.,A,G,.,PASS,AC=1;AN=5096;DP=17843;AF=0;EAS_AF=0;EUR_AF=0;AFR_AF=0;AMR_AF=0;SAS_AF=0;VT=SNP;NS=2548,GT,0|0,0|0,0|0,0|0,0|0,0|0,0|0,0|0,0|0,0|0,0|0,0|0,0|0,0|0,0|0,0|0,0|0,0|0,0|0,0|0,0|0,0|0,0|0,0|0,0|0,0|0,0|0,0|0,0|0,0|0,0|0,0|0,0|0,0|0,0|0,0|0,0|0,0|0,0|0,0|0,0|0,0|0,0|0,0|0,0|0,0|0,0|0,0|0,0|0,0|0,0|0,0|0,0|0,0|0,0|1,0|0,0|0,0|0,0|0,0|0,0|0,0|0,0|0,0|0,0|0,0|0,0|0,0|0,0|0,0|0,0|0,0|0,0|0,0|0,0|0,0|0,0|0,0|0,0|0,0|0,0|0,0|0,0|0,0|0,0|0
5,139281665,.,T,C,.,PASS,AC=10;AN=5096;DP=18809;AF=0;EAS_AF=0;EUR_AF=0;AFR_AF=0;AMR_AF=0.01;SAS_AF=0;VT=SNP;NS=2548,GT,0|0,0|0,0|0,0|0,0|0,0|0,0|0,0|0,0|0,0|0,0|0,0|0,0|0,0|0,0|0,0|0,0|0,0|0,0|0,0|0,0|0,0|0,0|0,0|0,0|0,0|0,0|0,0|0,0|0,0|0,0|0,0|0,0|0,0|0,0|0,0|0,0|0,0|0,0|0,0|0,1|0,0|0,0|0,0|0,0|0,0|0,0|0,0|0,0|0,0|0,0|0,0|0,0|0,0|0,0|0,0|0,0|0,0|0,0|0,0|0,0|0,0|0,0|0,0|0,0|0,0|0,0|0,0|0,0|0,0|0,0|0,0|0,0|0,0|0,0|0,0|0,0|0,0|0,0|0,0|0,0|0,1|0,0|0,0|0,0|0
5,139281681,.,C,T,.,PASS,AC=185;AN=5096;DP=19305;AF=0.04;EAS_AF=0.13;EUR_AF=0.01;AFR_AF=0;AMR_AF=0.05;SAS_AF=0.01;VT=SNP;NS=2548,GT,0|0,0|0,0|0,0|0,0|0,0|0,0|0,0|0,0|0,0|0,0|0,0|0,0|0,0|0,0|0,0|0,0|0,0|0,0|0,0|0,0|0,0|0,0|0,0|0,0|0,0|0,0|1,0|0,0|0,0|0,0|1,0|0,0|0,0|0,0|0,0|0,0|0,0|0,0|0,0|1,0|0,0|0,0|0,0|0,0|0,0|0,0|0,0|1,0|0,0|0,0|0,0|0,0|0,0|0,0|0,0|0,0|0,0|0,0|0,0|0,0|0,0|0,0|0,0|1,0|0,0|0,0|0,0|1,1|0,0|0,0|0,0|0,0|0,0|0,0|0,0|0,0|0,0|0,0|1,0|0,0|1,0|0,0|0,0|0,0|0
5,139283108,.,T,G,.,PASS,AC=1978;AN=5096;DP=23166;AF=0.39;EAS_AF=0.2;EUR_AF=0.64;AFR_AF=0.07;AMR_AF=0.6;SAS_AF=0.59;VT=SNP;NS=2548,GT,1|0,0|1,1|1,1|1,1|1,1|1,1|1,1|1,1|1,1|1,1|1,0|0,1|1,1|1,1|1,1|1,1|0,1|1,1|1,1|1,1|1,0|1,1|1,1|1,0|1,1|1,1|0,1|1,1|0,1|1,1|0,1|1,1|0,1|0,1|0,1|1,0|1,1|1,1|1,1|0,0|1,0|1,1|1,1|0,1|1,0|1,0|1,0|0,1|1,1|1,1|0,0|0,0|1,1|0,0|1,0|0,1|1,0|0,1|1,1|0,1|1,1|0,1|0,1|0,1|0,1|1,1|0,1|0,0|0,1|1,1|1,1|0,1|1,1|1,1|1,1|1,0|0,1|1,1|0,0|0,1|0,0|1,0|1,0|0,1|1
5,139283535,.,C,T,.,PASS,AC=2153;AN=5096;DP=25590;AF=0.42;EAS_AF=0.2;EUR_AF=0.65;AFR_AF=0.2;AMR_AF=0.61;SAS_AF=0.59;VT=SNP;NS=2548,GT,1|0,0|1,1|1,1|1,1|1,1|1,1|1,1|1,1|1,1|1,1|1,0|0,1|1,1|1,1|1,1|1,1|0,1|1,1|1,1|1,1|1,0|1,1|1,1|1,0|1,1|1,1|0,1|1,1|0,1|1,1|0,1|1,1|0,1|0,1|0,1|1,0|1,1|1,1|1,1|0,0|1,0|1,1|1,1|0,1|1,0|1,0|1,0|0,1|1,1|1,1|0,0|0,0|1,1|0,0|1,0|0,1|1,0|0,1|1,1|0,1|1,1|0,1|0,1|0,1|0,1|1,1|0,1|0,0|0,1|1,1|1,1|0,1|1,1|1,1|1,1|1,0|0,1|1,1|0,0|0,1|0,0|1,0|1,0|0,1|1
5,139284014,.,TTG,T,.,PASS,AC=4;AN=5096;DP=24656;AF=0;EAS_AF=0;EUR_AF=0;AFR_AF=0;AMR_AF=0;SAS_AF=0;VT=INDEL;NS=2548,GT,0|0,0|0,0|0,0|0,0|0,0|0,0|0,0|0,0|0,0|0,0|0,0|0,0|0,0|0,0|0,0|0,0|0,0|0,0|0,0|0,0|0,0|0,0|0,0|0,0|0,0|0,0|0,0|0,0|0,0|0,0|0,0|0,0|0,0|0,0|0,0|0,0|0,0|0,0|0,0|0,0|0,0|0,0|0,0|0,0|0,0|0,0|0,0|0,0|0,0|0,0|0,0|0,0|0,0|0,0|0,0|0,0|0,0|0,0|0,0|0,0|0,0|1,0|0,0|0,0|0,0|0,0|0,0|0,0|0,0|0,0|0,0|0,0|0,0|0,0|0,0|0,0|0,0|0,0|0,0|0,0|0,0|0,0|0,0|0,0|0
5,139284296,.,G,A,.,PASS,AC=62;AN=5096;DP=21967;AF=0.01;EAS_AF=0;EUR_AF=0.03;AFR_AF=0.01;AMR_AF=0.02;SAS_AF=0.01;VT=SNP;NS=2548,GT,0|0,0|0,0|0,0|0,0|0,0|0,0|0,0|0,0|0,0|0,0|0,0|0,0|0,0|0,0|0,0|0,0|0,0|0,0|0,0|0,0|0,0|0,0|0,0|0,0|0,0|0,0|0,0|0,0|0,0|0,0|0,0|0,0|0,0|0,0|0,0|0,0|0,0|0,1|0,0|0,0|0,0|0,0|0,0|0,0|0,0|0,0|0,0|0,0|0,0|0,0|0,0|0,0|0,0|0,0|0,0|0,0|0,0|0,0|0,0|0,0|0,0|0,0|0,0|0,0|0,0|0,0|0,0|0,0|0,0|0,0|0,0|0,0|0,0|0,0|0,0|0,0|0,0|1,0|0,0|0,0|0,0|0,0|0,0|0,0|0
5,139285470,.,G,A,.,PASS,AC=2434;AN=5096;DP=19761;AF=0.48;EAS_AF=0.23;EUR_AF=0.69;AFR_AF=0.32;AMR_AF=0.64;SAS_AF=0.62;VT=SNP;NS=2548,GT,1|0,0|1,1|1,1|1,1|1,1|1,1|1,1|1,1|1,1|1,1|1,0|0,1|1,1|1,1|1,1|1,1|0,1|1,1|1,1|1,1|1,0|1,1|1,1|1,0|1,1|1,1|0,1|1,1|0,1|1,1|0,1|1,1|0,1|0,1|0,1|1,0|1,1|1,1|1,1|0,0|1,0|1,1|1,1|0,1|1,1|1,0|1,0|0,1|1,1|1,1|0,0|0,0|1,1|0,0|1,0|0,1|1,1|0,1|1,1|0,1|1,1|0,1|1,1|0,1|0,1|1,1|1,1|0,0|0,1|1,1|1,1|0,1|1,1|1,1|1,1|1,0|0,1|1,1|0,0|0,1|0,0|1,0|1,0|0,1|1
5,139285502,.,A,T,.,PASS,AC=4595;AN=5096;DP=19137;AF=0.9;EAS_AF=0.91;EUR_AF=0.86;AFR_AF=0.99;AMR_AF=0.9;SAS_AF=0.81;VT=SNP;NS=2548,GT,1|1,0|1,1|1,1|1,1|1,1|1,1|1,1|1,1|1,1|1,1|1,1|1,1|1,1|1,1|1,1|1,1|0,1|1,1|1,1|1,1|1,0|1,1|1,1|1,1|1,1|1,1|1,1|1,1|1,1|1,1|1,1|1,1|1,1|0,1|1,1|1,1|1,1|1,1|1,1|1,1|1,1|1,1|1,1|1,1|1,1|1,1|1,1|1,1|1,1|1,1|1,1|1,1|1,1|1,1|1,1|1,1|1,1|1,1|1,1|1,1|1,1|1,1|1,1|1,1|1,1|1,1|1,1|1,1|1,1|1,1|1,1|1,1|1,1|1,1|1,1|1,1|1,1|1,1|1,0|0,1|1,1|1,1|1,0|1,1|1
5,139286401,.,A,G,.,PASS,AC=1;AN=5096;DP=15218;AF=0;EAS_AF=0;EUR_AF=0;AFR_AF=0;AMR_AF=0;SAS_AF=0;VT=SNP;NS=2548,GT,0|0,0|0,0|0,0|0,0|0,0|0,0|0,0|0,0|0,0|0,0|0,0|0,0|0,0|0,0|0,0|0,0|0,0|0,0|0,0|0,0|0,0|0,0|0,0|0,0|0,0|0,0|0,0|0,0|0,0|0,0|0,0|0,0|0,0|0,1|0,0|0,0|0,0|0,0|0,0|0,0|0,0|0,0|0,0|0,0|0,0|0,0|0,0|0,0|0,0|0,0|0,0|0,0|0,0|0,0|0,0|0,0|0,0|0,0|0,0|0,0|0,0|0,0|0,0|0,0|0,0|0,0|0,0|0,0|0,0|0,0|0,0|0,0|0,0|0,0|0,0|0,0|0,0|0,0|0,0|0,0|0,0|0,0|0,0|0,0|0
5,139286997,.,G,T,.,PASS,AC=2014;AN=5096;DP=18514;AF=0.4;EAS_AF=0.2;EUR_AF=0.65;AFR_AF=0.09;AMR_AF=0.6;SAS_AF=0.59;VT=SNP;NS=2548,GT,1|0,0|1,1|1,1|1,1|1,1|1,1|1,1|1,1|1,1|1,1|1,0|0,1|1,1|1,1|1,1|1,1|0,1|1,1|1,1|1,1|1,0|1,1|1,1|1,0|1,1|1,1|0,1|1,1|0,1|1,1|0,1|1,1|0,1|0,1|0,1|1,0|1,1|1,1|1,1|0,0|1,0|1,1|1,1|0,1|1,0|1,0|1,0|0,1|1,1|1,1|0,0|0,0|1,1|0,0|1,0|0,1|1,0|0,1|1,1|0,1|1,1|0,1|0,1|0,1|0,1|1,1|0,1|0,0|0,1|1,1|1,1|0,1|1,1|1,1|1,1|1,0|0,1|1,1|0,0|0,1|0,0|1,0|1,0|0,1|1
5,139287196,.,T,G,.,PASS,AC=2;AN=5096;DP=19869;AF=0;EAS_AF=0;EUR_AF=0;AFR_AF=0;AMR_AF=0;SAS_AF=0;VT=SNP;NS=2548,GT,0|0,0|0,0|0,0|0,0|0,0|0,0|0,0|0,0|0,0|0,0|0,0|0,0|0,0|0,0|0,0|0,0|0,0|0,0|0,0|0,0|0,0|0,0|0,0|0,0|0,0|0,0|0,0|0,0|0,0|0,0|0,0|0,0|0,0|0,0|0,0|0,0|0,0|0,0|0,0|0,0|0,0|0,0|0,0|0,0|0,1|0,0|0,0|0,0|0,0|0,0|0,0|0,0|0,0|0,0|0,0|0,0|0,0|0,0|0,0|0,0|0,0|0,0|0,0|0,0|0,0|0,0|0,0|0,0|0,0|0,0|0,0|0,0|0,0|0,0|0,0|0,0|0,0|0,0|0,0|0,0|0,0|0,0|0,0|0,0|0
5,139288065,.,AATT,A,.,PASS,AC=19;AN=5096;DP=19316;AF=0;EAS_AF=0;EUR_AF=0.01;AFR_AF=0;AMR_AF=0.01;SAS_AF=0;VT=INDEL;NS=2548,GT,0|0,0|0,0|0,0|0,0|0,0|0,0|0,0|0,0|0,0|0,0|0,0|0,0|0,0|0,0|0,0|0,0|0,0|0,0|0,0|0,0|0,0|0,0|0,0|0,0|0,0|0,0|0,0|0,0|0,0|0,0|0,0|0,0|0,0|0,0|0,0|0,0|0,0|0,0|0,0|0,0|0,0|0,0|0,0|0,0|0,0|0,0|0,0|0,0|0,0|0,0|1,0|0,0|0,0|0,0|0,0|0,0|0,0|0,0|0,0|0,0|0,0|0,0|0,0|0,0|0,0|0,0|0,0|0,0|0,0|0,0|0,0|0,0|0,0|0,0|0,0|0,0|0,0|0,0|0,0|0,0|0,0|0,0|0,0|0,0|0
5,139288193,.,A,G,.,PASS,AC=3;AN=5096;DP=20527;AF=0;EAS_AF=0;EUR_AF=0;AFR_AF=0;AMR_AF=0;SAS_AF=0;VT=SNP;NS=2548,GT,0|0,0|0,0|0,0|0,0|0,0|0,0|0,0|0,0|0,0|0,0|0,0|0,0|0,0|0,0|0,0|0,0|0,0|0,0|0,0|0,0|0,0|0,0|0,0|0,0|0,0|0,0|0,0|0,0|0,0|0,0|0,0|0,0|0,0|0,0|0,0|0,0|0,0|0,0|0,0|0,0|0,0|0,0|0,0|0,0|0,0|0,0|0,0|0,0|0,0|0,0|0,0|0,0|0,0|0,0|0,0|0,0|0,0|0,0|0,0|0,0|0,0|0,0|0,0|0,0|0,0|0,0|1,0|0,0|0,0|0,0|0,0|0,0|0,0|0,0|0,0|0,0|0,0|0,0|0,0|0,0|0,0|0,0|0,0|0,0|0
5,139288286,.,CCTGTTATATTTCTTTTG,C,.,PASS,AC=916;AN=5096;DP=22353;AF=0.18;EAS_AF=0.44;EUR_AF=0.15;AFR_AF=0.04;AMR_AF=0.21;SAS_AF=0.1;VT=INDEL;NS=2548,GT,0|1,0|0,0|0,0|0,0|0,0|0,0|0,0|0,0|0,0|0,0|0,1|0,0|0,0|0,0|0,0|0,0|0,0|0,0|0,0|0,0|0,0|0,0|0,0|0,1|0,0|0,0|1,0|0,0|1,0|0,0|1,0|0,0|1,0|0,0|1,0|0,1|0,0|0,0|0,0|1,1|0,1|0,0|0,0|1,0|0,0|0,1|0,1|1,0|0,0|0,0|1,0|1,0|0,0|1,1|0,1|1,0|0,0|1,0|0,0|1,0|0,0|1,0|0,0|1,0|1,0|0,0|0,0|1,1|1,0|0,0|0,0|1,0|0,0|0,0|0,0|0,1|1,0|0,0|1,0|0,0|1,1|0,1|0,0|0,0|0
5,139288317,.,A,G,.,PASS,AC=46;AN=5096;DP=22622;AF=0.01;EAS_AF=0;EUR_AF=0;AFR_AF=0.03;AMR_AF=0.01;SAS_AF=0;VT=SNP;NS=2548,GT,0|0,0|0,0|0,0|0,0|0,0|0,0|0,0|0,0|0,0|0,0|0,0|0,0|0,0|0,0|0,0|0,0|0,0|0,0|0,0|0,0|0,0|0,0|0,0|0,0|0,0|0,0|0,0|0,0|0,0|0,0|0,0|0,0|0,0|0,0|0,0|0,0|0,0|0,0|0,0|0,0|0,0|0,0|0,0|0,0|0,0|0,0|0,0|0,0|0,0|0,0|0,1|0,0|0,0|0,0|0,0|0,0|0,0|0,0|0,0|0,0|0,0|0,0|0,0|0,0|0,0|0,0|0,0|0,0|0,0|0,0|0,0|0,0|0,0|0,0|0,0|0,0|0,0|0,0|0,0|0,0|0,0|0,0|0,0|0,0|0
5,139288331,.,CAAT,C,.,PASS,AC=53;AN=5096;DP=22490;AF=0.01;EAS_AF=0;EUR_AF=0;AFR_AF=0;AMR_AF=0.07;SAS_AF=0;VT=INDEL;NS=2548,GT,1|0,0|0,1|1,0|0,0|0,0|0,1|0,0|0,0|0,0|1,0|0,0|0,1|1,0|0,0|0,0|1,0|0,0|1,0|0,0|0,0|1,0|0,0|0,0|0,0|0,0|1,0|0,1|0,0|0,0|1,0|0,1|0,0|0,0|0,1|0,0|0,0|0,1|0,0|0,0|0,0|0,0|0,0|0,0|0,0|0,0|0,0|0,0|0,0|0,1|1,1|0,0|0,0|1,0|0,0|0,0|0,0|0,0|0,0|0,1|0,0|0,0|0,0|0,0|0,1|0,0|0,1|0,0|0,0|0,1|0,0|0,0|0,0|0,1|1,0|1,1|0,0|0,1|0,1|0,0|0,0|0,0|0,0|1,0|0,1|1
5,139288831,.,A,G,.,PASS,AC=20;AN=5096;DP=19424;AF=0;EAS_AF=0;EUR_AF=0;AFR_AF=0;AMR_AF=0.03;SAS_AF=0;VT=SNP;NS=2548,GT,0|0,0|0,0|0,0|0,0|0,0|0,0|0,0|0,0|0,0|0,0|0,0|0,0|0,0|0,0|0,0|0,0|0,0|0,0|0,0|0,0|0,0|0,0|0,0|0,0|0,0|0,0|1,0|0,0|0,0|0,0|0,0|0,0|0,0|0,0|0,0|0,0|0,0|0,0|0,0|1,0|0,0|0,0|0,0|0,0|0,0|0,0|0,0|1,0|0,0|0,0|0,0|0,0|0,0|0,0|0,0|0,0|0,0|0,0|0,0|0,0|0,0|0,0|0,0|1,0|0,0|0,0|0,0|1,0|0,0|0,0|0,0|0,0|0,0|0,0|0,0|0,0|0,0|0,0|0,0|0,0|0,0|0,0|0,0|0,0|0
5,139288892,.,A,G,.,PASS,AC=22;AN=5096;DP=21517;AF=0;EAS_AF=0;EUR_AF=0;AFR_AF=0.01;AMR_AF=0;SAS_AF=0;VT=SNP;NS=2548,GT,0|0,0|0,0|0,0|0,0|0,0|0,0|0,0|0,0|0,0|0,0|0,0|0,0|0,0|0,0|0,0|0,0|0,0|0,0|0,0|0,0|0,0|0,0|0,0|0,0|0,0|0,0|0,0|0,0|0,0|0,0|0,0|0,0|0,0|0,0|0,0|0,0|0,0|0,0|0,0|0,0|0,0|0,0|0,0|0,0|0,1|0,0|0,0|0,0|0,0|0,0|0,0|0,0|0,0|0,0|0,0|0,0|0,0|0,0|0,0|0,0|0,0|0,0|0,0|0,0|0,0|0,0|0,0|0,0|0,0|0,0|0,0|0,0|0,0|0,0|0,0|0,0|0,0|0,0|0,0|0,0|0,0|0,0|0,0|0,0|0
5,139290099,.,T,C,.,PASS,AC=5;AN=5096;DP=23323;AF=0;EAS_AF=0;EUR_AF=0;AFR_AF=0;AMR_AF=0;SAS_AF=0;VT=SNP;NS=2548,GT,0|0,0|0,0|0,0|0,0|0,0|0,0|0,0|0,0|0,0|0,0|0,0|0,0|0,0|0,0|0,0|0,0|0,0|0,0|0,0|0,0|0,0|0,0|0,0|0,0|0,0|0,0|0,0|0,0|0,0|0,0|0,0|0,0|0,0|0,0|0,0|0,0|0,0|0,0|0,0|0,0|0,0|0,0|0,0|0,0|0,0|0,0|0,0|0,0|0,0|0,0|0,0|0,0|0,0|0,0|0,0|0,0|0,0|0,0|0,0|0,0|0,0|0,0|0,0|0,0|0,0|0,0|1,0|0,0|0,0|0,0|0,0|0,0|0,0|0,0|0,0|0,0|0,0|0,0|0,0|0,0|0,0|0,0|0,0|0,0|0
5,139290344,.,T,C,.,PASS,AC=2380;AN=5096;DP=16398;AF=0.47;EAS_AF=0.22;EUR_AF=0.68;AFR_AF=0.3;AMR_AF=0.64;SAS_AF=0.61;VT=SNP;NS=2548,GT,1|0,0|1,1|1,1|1,1|1,1|1,1|1,1|1,1|1,1|1,1|1,0|0,1|1,1|1,1|1,1|1,1|0,1|1,1|1,1|1,1|1,0|1,1|1,1|1,0|1,1|1,1|0,1|1,1|0,1|1,1|0,1|1,1|0,1|0,1|0,1|1,0|1,1|1,1|1,1|0,0|1,0|1,1|1,1|0,1|1,1|1,0|1,0|0,1|1,1|1,1|0,0|0,0|1,1|0,0|1,0|0,1|1,1|0,1|1,1|0,1|1,1|0,1|1,1|0,1|0,1|1,1|1,1|0,0|0,1|1,1|1,1|0,1|1,1|1,1|1,1|1,0|0,1|1,1|0,0|0,1|0,0|1,0|1,0|0,1|1
5,139290470,.,A,G,.,PASS,AC=1974;AN=5096;DP=9401;AF=0.39;EAS_AF=0.2;EUR_AF=0.64;AFR_AF=0.07;AMR_AF=0.6;SAS_AF=0.59;VT=SNP;NS=2548,GT,1|0,0|1,1|1,1|1,1|1,1|1,1|1,1|1,1|1,1|1,1|1,0|0,1|1,1|1,1|1,1|1,1|0,1|1,1|1,1|1,1|1,0|1,1|1,1|1,0|1,1|1,1|0,1|1,1|0,1|1,1|0,1|1,1|0,1|0,1|0,1|1,0|1,1|1,1|1,1|0,0|1,0|1,1|1,1|0,1|1,0|1,0|1,0|0,1|1,1|1,1|0,0|0,0|1,1|0,0|1,0|0,1|1,0|0,1|1,1|0,1|1,1|0,1|0,1|0,1|0,1|1,1|0,1|0,0|0,1|1,1|1,1|0,1|1,1|1,1|1,1|1,0|0,1|1,1|0,0|0,1|0,0|1,0|1,0|0,1|1
5,139291416,.,G,A,.,PASS,AC=2;AN=5096;DP=22164;AF=0;EAS_AF=0;EUR_AF=0;AFR_AF=0;AMR_AF=0;SAS_AF=0;VT=SNP;NS=2548,GT,0|0,0|0,0|0,0|0,0|0,0|0,0|0,0|0,0|0,0|0,0|0,0|0,0|0,1|0,0|0,0|0,0|0,0|0,0|0,0|0,0|0,0|0,0|0,0|0,0|0,0|0,1|0,0|0,0|0,0|0,0|0,0|0,0|0,0|0,0|0,0|0,0|0,0|0,0|0,0|0,0|0,0|0,0|0,0|0,0|0,0|0,0|0,0|0,0|0,0|0,0|0,0|0,0|0,0|0,0|0,0|0,0|0,0|0,0|0,0|0,0|0,0|0,0|0,0|0,0|0,0|0,0|0,0|0,0|0,0|0,0|0,0|0,0|0,0|0,0|0,0|0,0|0,0|0,0|0,0|0,0|0,0|0,0|0,0|0,0|0
5,139291660,.,T,C,.,PASS,AC=1974;AN=5096;DP=19463;AF=0.39;EAS_AF=0.2;EUR_AF=0.64;AFR_AF=0.07;AMR_AF=0.6;SAS_AF=0.59;VT=SNP;NS=2548,GT,1|0,0|1,1|1,1|1,1|1,1|1,1|1,1|1,1|1,1|1,1|1,0|0,1|1,1|1,1|1,1|1,1|0,1|1,1|1,1|1,1|1,0|1,1|1,1|1,0|1,1|1,1|0,1|1,1|0,1|1,1|0,1|1,1|0,1|0,1|0,1|1,0|1,1|1,1|1,1|0,0|1,0|1,1|1,1|0,1|1,0|1,0|1,0|0,1|1,1|1,1|0,0|0,0|1,1|0,0|1,0|0,1|1,0|0,1|1,1|0,1|1,1|0,1|0,1|0,1|0,1|1,1|0,1|0,0|0,1|1,1|1,1|0,1|1,1|1,1|1,1|1,0|0,1|1,1|0,0|0,1|0,0|1,0|1,0|0,1|1
5,139291883,.,G,A,.,PASS,AC=44;AN=5096;DP=18486;AF=0.01;EAS_AF=0.02;EUR_AF=0;AFR_AF=0;AMR_AF=0.03;SAS_AF=0;VT=SNP;NS=2548,GT,0|1,0|0,0|0,0|0,0|0,0|0,0|0,0|0,0|0,0|0,0|0,0|0,0|0,0|0,0|0,0|0,0|0,0|0,0|0,0|0,0|0,0|0,0|0,0|0,0|0,0|0,0|0,0|0,0|0,0|0,0|0,0|0,0|0,0|0,0|0,0|0,0|0,0|0,0|0,0|0,0|0,0|0,0|0,0|1,0|0,0|0,0|0,1|0,0|0,0|0,0|0,0|0,0|0,0|1,0|0,0|0,0|0,0|0,0|0,0|0,0|0,0|0,0|0,0|0,0|0,0|0,0|0,0|0,0|0,0|0,0|0,0|1,0|0,0|0,0|0,0|0,0|0,0|0,0|0,0|0,0|0,0|0,1|0,0|0,0|0
5,139292389,.,C,G,.,PASS,AC=2010;AN=5096;DP=18791;AF=0.39;EAS_AF=0.2;EUR_AF=0.65;AFR_AF=0.09;AMR_AF=0.61;SAS_AF=0.59;VT=SNP;NS=2548,GT,1|0,0|1,1|1,1|1,1|1,1|1,1|1,1|1,1|1,1|1,1|1,0|0,1|1,1|1,1|1,1|1,1|0,1|1,1|1,1|1,1|1,0|1,1|1,1|1,0|1,1|1,1|0,1|1,1|0,1|1,1|0,1|1,1|0,1|0,1|0,1|1,0|1,1|1,1|1,1|0,0|1,0|1,1|1,1|0,1|1,0|1,0|1,0|0,1|1,1|1,1|0,0|0,0|1,1|0,0|1,0|0,1|1,0|0,1|1,1|0,1|1,1|0,1|0,1|0,1|0,1|1,1|0,1|0,0|0,1|1,1|1,1|0,1|1,1|1,1|1,1|1,0|0,1|1,1|0,0|0,1|0,0|1,0|1,0|0,1|1
5,139292550,.,C,G,.,PASS,AC=23;AN=5096;DP=17503;AF=0;EAS_AF=0;EUR_AF=0.01;AFR_AF=0;AMR_AF=0.01;SAS_AF=0.01;VT=SNP;NS=2548,GT,0|0,0|0,0|0,0|0,0|0,0|0,0|0,0|0,0|0,0|0,0|0,0|0,0|0,0|0,0|0,0|0,0|0,0|0,0|0,0|0,0|0,0|0,0|0,0|0,0|0,0|0,0|0,0|0,0|0,0|0,0|0,0|0,0|0,0|0,0|0,0|0,0|0,0|0,0|0,0|0,0|0,0|0,0|0,0|0,0|0,0|0,0|0,0|0,0|0,0|0,0|0,0|0,0|0,0|0,0|0,0|0,0|0,1|0,0|0,0|0,0|0,0|0,0|0,0|0,0|0,0|0,0|0,0|0,0|0,0|0,0|0,0|0,0|0,0|0,0|0,0|0,0|0,0|0,0|0,0|0,0|0,0|0,0|0,0|0,0|0
5,139293319,.,C,T,.,PASS,AC=200;AN=5096;DP=22103;AF=0.04;EAS_AF=0.01;EUR_AF=0.04;AFR_AF=0.08;AMR_AF=0.02;SAS_AF=0.02;VT=SNP;NS=2548,GT,0|0,0|0,0|0,0|0,0|0,0|0,0|0,0|0,0|0,0|0,0|0,0|0,0|0,0|0,0|0,0|0,0|0,0|0,0|0,0|0,0|0,0|0,0|0,0|0,0|0,0|0,0|0,0|0,0|0,0|0,0|0,0|0,0|0,0|0,0|0,0|0,0|0,0|0,0|0,0|0,0|0,0|0,0|0,0|0,0|0,1|0,0|0,0|0,0|0,0|0,0|0,0|0,0|0,0|0,0|0,0|0,0|0,1|0,0|0,0|0,0|0,0|0,0|1,0|0,0|0,0|0,0|1,0|0,0|0,0|0,0|0,0|0,0|0,0|0,0|0,0|0,0|0,0|0,0|0,0|0,0|0,0|0,0|0,0|0,0|0
5,139294274,.,T,G,.,PASS,AC=2389;AN=5096;DP=17596;AF=0.47;EAS_AF=0.22;EUR_AF=0.68;AFR_AF=0.3;AMR_AF=0.64;SAS_AF=0.61;VT=SNP;NS=2548,GT,1|0,0|1,1|1,1|1,1|1,1|1,1|1,1|1,1|1,1|1,1|1,0|0,1|1,1|1,1|1,1|1,1|0,1|1,1|1,1|1,1|1,0|1,1|1,1|1,0|1,1|1,1|0,1|1,1|0,1|1,1|0,1|1,1|0,1|0,1|0,1|1,0|1,1|1,1|1,1|0,0|1,0|1,1|1,1|0,1|1,1|1,0|1,0|0,1|1,1|1,1|0,0|0,0|1,1|0,0|1,0|0,1|1,1|0,1|1,1|0,1|1,1|0,1|1,1|0,1|0,1|1,1|1,1|0,0|0,1|1,1|1,1|0,1|1,1|1,1|1,1|1,0|0,1|1,1|0,0|0,1|0,0|1,0|1,0|0,1|1
5,139294336,.,TC,T,.,PASS,AC=2;AN=5096;DP=18228;AF=0;EAS_AF=0;EUR_AF=0;AFR_AF=0;AMR_AF=0;SAS_AF=0;VT=INDEL;NS=2548,GT,0|0,0|0,0|0,0|0,0|0,0|0,0|0,0|0,0|0,0|0,0|0,0|0,0|0,0|0,0|0,0|0,0|0,0|0,0|0,0|0,0|0,0|0,0|0,0|0,0|0,0|0,0|0,0|0,0|0,0|0,0|0,0|0,0|0,0|0,0|0,0|0,0|0,1|0,0|0,0|0,0|0,0|0,0|0,0|0,0|0,0|0,0|0,0|0,0|0,0|0,0|0,0|0,0|0,0|0,0|0,0|0,0|0,0|0,0|0,0|0,0|0,0|0,0|0,0|0,0|0,0|0,0|0,0|0,0|0,0|0,0|0,0|0,0|0,0|0,0|0,0|0,0|0,0|0,0|0,0|0,0|0,0|0,0|0,0|0,0|0
5,139294362,.,C,T,.,PASS,AC=465;AN=5096;DP=18186;AF=0.09;EAS_AF=0.35;EUR_AF=0.02;AFR_AF=0;AMR_AF=0.11;SAS_AF=0.01;VT=SNP;NS=2548,GT,0|1,0|0,0|0,0|0,0|0,0|0,0|0,0|0,0|0,0|0,0|0,1|0,0|0,0|0,0|0,0|0,0|0,0|0,0|0,0|0,0|0,0|0,0|0,0|0,1|0,0|0,0|1,0|0,0|0,0|0,0|1,0|0,0|0,0|0,0|1,0|0,1|0,0|0,0|0,0|1,0|0,0|0,0|0,0|1,0|0,0|0,1|0,1|1,0|0,0|0,0|0,0|0,0|0,0|1,1|0,1|1,0|0,0|1,0|0,0|1,0|0,0|0,0|0,0|1,0|1,0|0,0|0,0|1,1|1,0|0,0|0,0|1,0|0,0|0,0|0,0|0,1|1,0|0,0|1,0|0,0|1,0|0,1|0,0|0,0|0
5,139295018,.,T,C,.,PASS,AC=1;AN=5096;DP=20894;AF=0;EAS_AF=0;EUR_AF=0;AFR_AF=0;AMR_AF=0;SAS_AF=0;VT=SNP;NS=2548,GT,0|0,0|0,0|0,0|0,0|0,0|0,0|0,0|0,0|0,0|0,0|0,0|0,0|0,0|0,0|0,0|0,0|0,0|0,0|0,0|0,0|0,0|0,0|0,0|0,0|0,0|0,0|0,0|0,0|0,0|0,0|0,0|0,0|0,0|0,0|0,0|0,0|0,0|0,0|0,0|0,0|0,0|0,0|0,0|0,0|0,0|0,0|0,0|0,0|0,0|0,0|0,0|0,0|0,0|0,0|0,0|0,0|0,0|0,0|0,0|0,0|0,0|0,0|1,0|0,0|0,0|0,0|0,0|0,0|0,0|0,0|0,0|0,0|0,0|0,0|0,0|0,0|0,0|0,0|0,0|0,0|0,0|0,0|0,0|0,0|0
5,139295364,.,T,C,.,PASS,AC=2;AN=5096;DP=20574;AF=0;EAS_AF=0;EUR_AF=0;AFR_AF=0;AMR_AF=0;SAS_AF=0;VT=SNP;NS=2548,GT,0|0,0|0,0|0,0|0,0|0,0|0,0|0,0|0,0|0,0|0,0|0,0|0,0|0,0|0,0|0,0|0,0|0,0|0,0|0,0|0,0|0,0|0,0|0,0|0,0|0,0|0,0|0,0|0,0|0,0|0,0|0,0|0,0|0,0|0,0|0,0|0,0|0,0|0,0|0,0|0,1|0,0|0,0|0,0|0,0|0,0|0,0|0,0|0,0|0,0|0,0|0,0|0,0|0,0|0,0|0,0|0,0|0,0|0,0|0,0|0,0|0,0|0,0|0,0|0,0|0,0|0,0|0,0|0,0|0,0|0,0|0,0|0,0|0,0|0,0|0,0|0,0|0,0|0,0|0,0|0,0|0,0|0,0|0,0|0,0|0
5,139295678,.,G,A,.,PASS,AC=1;AN=5096;DP=22225;AF=0;EAS_AF=0;EUR_AF=0;AFR_AF=0;AMR_AF=0;SAS_AF=0;VT=SNP;NS=2548,GT,0|0,0|0,0|0,0|0,0|0,0|0,0|0,0|0,0|0,0|0,0|0,0|0,0|0,0|0,0|0,0|0,0|0,0|0,0|0,0|0,0|0,0|0,0|0,0|0,0|0,0|0,0|0,0|0,0|0,1|0,0|0,0|0,0|0,0|0,0|0,0|0,0|0,0|0,0|0,0|0,0|0,0|0,0|0,0|0,0|0,0|0,0|0,0|0,0|0,0|0,0|0,0|0,0|0,0|0,0|0,0|0,0|0,0|0,0|0,0|0,0|0,0|0,0|0,0|0,0|0,0|0,0|0,0|0,0|0,0|0,0|0,0|0,0|0,0|0,0|0,0|0,0|0,0|0,0|0,0|0,0|0,0|0,0|0,0|0,0|0
5,139296341,.,G,T,.,PASS,AC=2421;AN=5096;DP=17577;AF=0.48;EAS_AF=0.22;EUR_AF=0.7;AFR_AF=0.3;AMR_AF=0.65;SAS_AF=0.61;VT=SNP;NS=2548,GT,1|0,0|1,1|1,1|1,1|1,1|1,1|1,1|1,1|1,1|1,1|1,0|0,1|1,1|1,1|1,1|1,1|0,1|1,1|1,1|1,1|1,0|1,1|1,1|1,0|1,1|1,1|0,1|1,1|0,1|1,1|0,1|1,1|0,1|0,1|0,1|1,0|1,1|1,1|1,1|0,0|1,0|1,1|1,1|0,1|1,1|1,0|1,0|0,1|1,1|1,1|0,0|0,0|1,1|0,0|1,0|0,1|1,1|0,1|1,1|0,1|1,1|0,1|1,1|0,1|0,1|1,1|1,1|0,0|0,1|1,1|1,1|0,1|1,1|1,1|1,1|1,0|0,1|1,1|0,1|0,1|0,0|1,0|1,0|0,1|1
5,139297017,.,C,A,.,PASS,AC=3;AN=5096;DP=18685;AF=0;EAS_AF=0;EUR_AF=0;AFR_AF=0;AMR_AF=0;SAS_AF=0;VT=SNP;NS=2548,GT,0|0,0|0,0|0,0|0,0|0,0|0,0|0,0|0,0|0,0|0,0|0,0|0,0|0,0|0,0|0,0|0,0|0,0|0,0|0,0|0,0|0,0|0,0|0,0|0,0|0,0|0,0|0,0|0,0|0,0|0,0|0,0|0,0|0,0|0,0|0,0|0,0|0,0|1,0|0,0|0,0|0,0|0,0|0,0|0,0|0,0|0,0|0,0|0,0|0,0|0,0|0,0|0,0|0,0|0,0|0,0|0,0|0,0|0,0|0,0|0,0|0,0|0,0|0,0|0,0|0,0|0,0|0,0|0,0|0,0|0,0|0,0|0,0|0,0|0,0|0,0|0,0|0,0|0,0|0,0|0,0|0,0|0,0|0,0|0,0|0
5,139298087,.,C,T,.,PASS,AC=9;AN=5096;DP=21853;AF=0;EAS_AF=0;EUR_AF=0.01;AFR_AF=0;AMR_AF=0;SAS_AF=0;VT=SNP;NS=2548,GT,0|0,0|0,0|0,0|0,0|0,0|0,0|0,0|0,0|0,0|0,0|0,0|0,0|0,0|0,0|0,0|0,0|0,0|0,0|0,0|0,0|0,0|0,0|0,0|0,0|0,0|0,0|0,0|0,0|0,0|0,0|0,0|0,0|0,0|0,0|0,0|0,0|0,0|0,0|0,0|0,0|0,0|0,0|0,0|0,0|0,0|0,0|0,0|0,0|0,0|0,0|0,0|0,0|0,0|0,0|0,0|0,0|0,0|0,0|0,0|0,0|0,0|0,0|1,0|0,0|0,0|0,0|0,0|0,0|0,0|0,0|0,0|0,0|0,0|0,0|0,0|0,0|0,0|0,0|0,0|0,0|0,0|0,0|0,0|0,0|0
5,139299302,.,T,C,.,PASS,AC=94;AN=5096;DP=23668;AF=0.02;EAS_AF=0;EUR_AF=0.04;AFR_AF=0.01;AMR_AF=0.04;SAS_AF=0.01;VT=SNP;NS=2548,GT,0|0,0|0,0|0,0|0,0|0,0|0,0|0,0|0,0|0,0|0,0|0,0|0,0|0,0|0,0|0,0|0,0|0,0|0,0|0,0|0,0|0,0|0,0|0,0|0,0|0,0|0,0|0,0|0,0|0,0|0,0|0,0|0,0|0,0|0,0|0,0|0,0|0,0|0,1|0,0|0,0|0,0|0,0|0,0|0,0|0,0|0,0|0,0|0,0|0,0|0,0|0,0|0,0|0,0|0,0|0,0|0,0|0,0|0,0|0,0|0,0|0,0|0,0|0,0|0,0|0,0|0,0|0,0|0,0|0,0|0,0|0,0|0,0|0,0|0,0|0,0|0,0|0,0|1,0|0,1|0,0|0,0|0,0|0,0|0,0|0
5,139299542,.,G,A,.,PASS,AC=460;AN=5096;DP=23232;AF=0.09;EAS_AF=0.34;EUR_AF=0.02;AFR_AF=0;AMR_AF=0.11;SAS_AF=0.01;VT=SNP;NS=2548,GT,0|1,0|0,0|0,0|0,0|0,0|0,0|0,0|0,0|0,0|0,0|0,1|0,0|0,0|0,0|0,0|0,0|0,0|0,0|0,0|0,0|0,0|0,0|0,0|0,1|0,0|0,0|1,0|0,0|0,0|0,0|1,0|0,0|0,0|0,0|1,0|0,1|0,0|0,0|0,0|1,0|0,0|0,0|0,0|1,0|0,0|0,1|0,1|1,0|0,0|0,0|0,0|0,0|0,0|1,1|0,1|1,0|0,0|1,0|0,0|1,0|0,0|0,0|0,0|1,0|1,0|0,0|0,0|1,1|1,0|0,0|0,0|1,0|0,0|0,0|0,0|0,1|1,0|0,0|1,0|0,0|1,0|0,1|0,0|0,0|0
5,139300045,.,TATAG,T,.,PASS,AC=178;AN=5096;DP=11489;AF=0.03;EAS_AF=0.01;EUR_AF=0.03;AFR_AF=0.07;AMR_AF=0.02;SAS_AF=0.02;VT=INDEL;NS=2548,GT,0|0,0|0,0|0,0|0,0|0,0|0,0|0,0|0,0|0,0|0,0|0,0|0,0|0,0|0,0|0,0|0,0|0,0|0,0|0,0|0,0|0,0|0,0|0,0|0,0|0,0|0,0|0,0|0,0|0,0|0,0|0,0|0,0|0,0|0,0|0,0|0,0|0,0|0,0|0,0|0,0|0,0|0,0|0,0|0,0|0,0|0,0|0,0|0,0|0,0|0,0|0,0|0,0|0,0|0,0|0,0|0,0|0,1|0,0|0,0|0,0|0,0|0,0|1,0|0,0|0,0|0,0|1,0|0,0|0,0|0,0|0,0|0,0|0,0|0,0|0,0|0,0|0,0|0,0|0,0|0,0|0,0|0,0|0,0|0,0|0
5,139300361,.,T,G,.,PASS,AC=1;AN=5096;DP=19583;AF=0;EAS_AF=0;EUR_AF=0;AFR_AF=0;AMR_AF=0;SAS_AF=0;VT=SNP;NS=2548,GT,0|0,0|0,0|0,0|0,0|0,0|0,0|0,0|0,0|0,0|0,0|0,0|0,0|0,0|0,0|0,0|0,0|0,0|0,0|0,0|0,0|0,0|0,0|0,0|0,0|0,0|0,0|0,0|0,0|0,0|0,0|0,0|0,0|0,0|0,0|0,0|0,0|0,0|0,0|0,0|0,0|0,0|0,0|0,0|0,0|0,0|0,0|0,0|0,0|0,0|0,0|0,0|0,0|0,0|0,0|0,0|0,0|1,0|0,0|0,0|0,0|0,0|0,0|0,0|0,0|0,0|0,0|0,0|0,0|0,0|0,0|0,0|0,0|0,0|0,0|0,0|0,0|0,0|0,0|0,0|0,0|0,0|0,0|0,0|0,0|0
5,139301755,.,G,A,.,PASS,AC=2046;AN=5096;DP=22474;AF=0.4;EAS_AF=0.2;EUR_AF=0.66;AFR_AF=0.09;AMR_AF=0.62;SAS_AF=0.59;VT=SNP;NS=2548,GT,1|0,0|1,1|1,1|1,1|1,1|1,1|1,1|1,1|1,1|1,1|1,0|0,1|1,1|1,1|1,1|1,1|0,1|1,1|1,1|1,1|1,0|1,1|1,1|1,0|1,1|1,1|0,1|1,1|0,1|1,1|0,1|1,1|0,1|0,1|0,1|1,0|1,1|1,1|1,1|0,0|1,0|1,1|1,1|0,1|1,0|1,0|1,0|0,1|1,1|1,1|0,0|0,0|1,1|0,0|1,0|0,1|1,0|0,1|1,1|0,1|1,1|0,1|0,1|0,1|0,1|1,1|0,1|0,0|0,1|1,1|1,1|0,1|1,1|1,1|1,1|1,0|0,1|1,1|0,1|0,1|0,0|1,0|1,0|0,1|1
5,139301852,.,G,A,.,PASS,AC=2210;AN=5096;DP=21238;AF=0.43;EAS_AF=0.2;EUR_AF=0.66;AFR_AF=0.21;AMR_AF=0.63;SAS_AF=0.59;VT=SNP;NS=2548,GT,1|0,0|1,1|1,1|1,1|1,1|1,1|1,1|1,1|1,1|1,1|1,0|0,1|1,1|1,1|1,1|1,1|0,1|1,1|1,1|1,1|1,0|1,1|1,1|1,0|1,1|1,1|0,1|1,1|0,1|1,1|0,1|1,1|0,1|0,1|0,1|1,0|1,1|1,1|1,1|0,0|1,0|1,1|1,1|0,1|1,0|1,0|1,0|0,1|1,1|1,1|0,0|0,0|1,1|0,0|1,0|0,1|1,0|0,1|1,1|0,1|1,1|0,1|0,1|0,1|0,1|1,1|0,1|0,0|0,1|1,1|1,1|0,1|1,1|1,1|1,1|1,0|0,1|1,1|0,1|0,1|0,0|1,0|1,0|0,1|1
5,139302381,.,TGTA,T,.,PASS,AC=1;AN=5096;DP=19310;AF=0;EAS_AF=0;EUR_AF=0;AFR_AF=0;AMR_AF=0;SAS_AF=0;VT=INDEL;NS=2548,GT,0|0,0|0,0|0,0|0,0|0,0|0,0|0,0|0,0|0,0|0,0|0,0|0,0|0,0|0,0|0,0|0,0|0,0|0,0|0,0|0,0|0,0|0,0|0,0|0,0|0,0|0,1|0,0|0,0|0,0|0,0|0,0|0,0|0,0|0,0|0,0|0,0|0,0|0,0|0,0|0,0|0,0|0,0|0,0|0,0|0,0|0,0|0,0|0,0|0,0|0,0|0,0|0,0|0,0|0,0|0,0|0,0|0,0|0,0|0,0|0,0|0,0|0,0|0,0|0,0|0,0|0,0|0,0|0,0|0,0|0,0|0,0|0,0|0,0|0,0|0,0|0,0|0,0|0,0|0,0|0,0|0,0|0,0|0,0|0,0|0
5,139302450,.,T,C,.,PASS,AC=2012;AN=5096;DP=18360;AF=0.39;EAS_AF=0.2;EUR_AF=0.66;AFR_AF=0.07;AMR_AF=0.62;SAS_AF=0.59;VT=SNP;NS=2548,GT,1|0,0|1,1|1,1|1,1|1,1|1,1|1,1|1,1|1,1|1,1|1,0|0,1|1,1|1,1|1,1|1,1|0,1|1,1|1,1|1,1|1,0|1,1|1,1|1,0|1,1|1,1|0,1|1,1|0,1|1,1|0,1|1,1|0,1|0,1|0,1|1,0|1,1|1,1|1,1|0,0|1,0|1,1|1,1|0,1|1,0|1,0|1,0|0,1|1,1|1,1|0,0|0,0|1,1|0,0|1,0|0,1|1,0|0,1|1,1|0,1|1,1|0,1|0,1|0,1|0,1|1,1|0,1|0,0|0,1|1,1|1,1|0,1|1,1|1,1|1,1|1,0|0,1|1,1|0,1|0,1|0,0|1,0|1,0|0,1|1
5,139302476,.,TGTA,T,.,PASS,AC=84;AN=5096;DP=17819;AF=0.02;EAS_AF=0;EUR_AF=0.03;AFR_AF=0.02;AMR_AF=0.03;SAS_AF=0;VT=INDEL;NS=2548,GT,0|0,0|0,0|0,0|0,0|0,0|0,0|0,0|0,0|0,0|0,0|0,0|0,0|0,0|0,0|0,0|0,0|0,0|0,0|0,0|0,0|0,0|0,0|0,0|0,0|0,0|0,0|0,0|0,0|1,0|0,0|0,0|0,0|0,0|0,0|0,0|0,0|0,0|0,0|0,0|0,0|0,0|0,0|0,0|0,0|0,0|0,0|0,0|0,0|0,0|0,0|0,0|0,0|0,0|0,0|0,0|0,0|0,0|0,0|0,0|0,0|0,0|0,0|0,0|0,0|0,0|0,0|0,0|0,0|0,0|0,0|0,0|0,0|0,0|0,0|0,0|0,0|0,0|0,0|0,0|0,0|0,0|0,0|0,0|0,0|0
5,139303037,.,T,G,.,PASS,AC=18;AN=5096;DP=21163;AF=0;EAS_AF=0;EUR_AF=0.01;AFR_AF=0;AMR_AF=0.01;SAS_AF=0;VT=SNP;NS=2548,GT,0|0,0|0,0|0,0|0,0|0,0|0,0|0,0|0,0|0,0|0,0|0,0|0,0|0,0|0,0|0,0|0,0|0,0|0,0|0,0|0,0|0,0|0,0|0,0|0,0|0,0|0,0|0,0|0,0|0,0|0,0|0,0|0,0|0,0|0,0|0,0|0,0|0,0|0,0|0,0|0,0|0,0|0,0|0,0|0,0|0,0|0,0|0,0|0,0|0,0|0,0|1,0|0,0|0,0|0,0|0,0|0,0|0,0|0,0|0,0|0,0|0,0|0,0|0,0|0,0|0,0|0,0|0,0|0,0|0,0|0,0|0,0|0,0|0,0|0,0|0,0|0,0|0,0|0,0|0,0|0,0|0,0|0,0|0,0|0,0|0
5,139303051,.,T,G,.,PASS,AC=2;AN=5096;DP=20618;AF=0;EAS_AF=0;EUR_AF=0;AFR_AF=0;AMR_AF=0;SAS_AF=0;VT=SNP;NS=2548,GT,0|0,0|0,0|0,0|0,0|0,0|0,0|0,0|0,0|0,0|0,0|0,0|0,0|0,0|0,0|0,0|0,0|0,0|0,0|0,0|0,0|0,0|0,0|0,0|0,0|0,0|0,0|0,0|0,0|0,0|0,0|0,0|0,0|0,0|0,0|0,0|0,0|0,0|0,0|0,0|0,0|0,0|0,0|0,0|0,0|0,0|0,0|0,0|0,0|0,0|0,0|0,0|0,0|0,0|0,0|0,0|0,0|0,0|0,0|0,0|0,0|0,0|0,0|0,0|0,0|0,0|0,0|0,0|0,0|0,0|0,0|0,0|0,0|0,0|0,0|0,0|0,0|0,0|0,0|0,1|0,0|0,0|0,0|0,0|0,0|0
5,139303748,.,CT,C,.,PASS,AC=44;AN=5096;DP=19059;AF=0.01;EAS_AF=0.01;EUR_AF=0.01;AFR_AF=0.01;AMR_AF=0.01;SAS_AF=0.01;VT=INDEL;NS=2548,GT,0|0,0|0,0|0,0|0,0|0,0|0,0|0,0|0,1|0,0|0,0|0,0|0,0|0,0|0,0|0,0|0,0|0,0|1,0|1,0|0,0|0,0|0,0|0,0|0,0|0,0|0,0|0,0|0,0|0,0|0,0|0,0|0,0|0,0|0,0|0,0|0,0|1,0|0,0|0,0|0,0|0,0|0,0|0,0|0,0|0,0|0,0|0,0|0,0|0,0|0,0|0,0|0,0|0,0|0,0|0,0|0,0|0,0|0,0|0,0|0,0|0,0|0,0|0,0|0,0|0,0|0,0|0,0|0,0|0,0|0,0|0,0|0,0|0,0|0,0|0,0|0,0|0,0|0,0|0,0|0,0|0,0|0,0|0,0|0,0|0
5,139303816,.,C,T,.,PASS,AC=4;AN=5096;DP=18505;AF=0;EAS_AF=0;EUR_AF=0;AFR_AF=0;AMR_AF=0;SAS_AF=0;VT=SNP;NS=2548,GT,0|0,0|0,0|0,0|0,0|0,0|0,0|0,0|0,0|0,0|0,0|0,0|0,0|0,0|0,0|0,0|0,0|0,0|0,0|0,0|0,0|0,0|0,0|0,0|0,0|0,0|0,0|0,0|0,0|0,0|0,0|0,0|0,0|0,0|0,0|0,0|0,0|0,0|0,0|0,0|0,0|0,0|0,0|0,0|0,0|0,0|0,0|0,0|0,0|0,0|0,0|0,0|0,0|0,0|0,0|0,0|0,0|0,0|0,0|0,0|0,0|0,0|1,0|0,0|0,0|0,0|0,0|0,0|0,0|0,0|0,0|0,0|0,0|0,0|0,0|0,0|0,0|0,0|0,0|0,0|0,0|0,0|0,0|0,0|0,0|0
5,139305283,.,A,G,.,PASS,AC=1;AN=5096;DP=19768;AF=0;EAS_AF=0;EUR_AF=0;AFR_AF=0;AMR_AF=0;SAS_AF=0;VT=SNP;NS=2548,GT,0|0,0|0,0|0,0|0,0|0,0|0,0|0,0|0,0|0,0|0,0|0,0|0,0|0,0|0,0|0,0|0,0|0,0|0,0|0,0|0,0|0,0|0,0|0,0|0,0|0,0|0,0|0,0|0,0|0,0|0,0|0,0|0,0|0,0|0,0|0,0|0,0|0,0|0,0|0,0|0,0|0,0|0,0|0,0|0,0|0,0|0,0|0,0|0,0|0,0|0,0|0,0|0,0|0,0|0,0|0,0|0,0|0,0|0,0|0,0|0,0|0,0|0,0|0,0|0,0|0,0|0,0|0,0|0,0|0,0|0,0|0,0|0,0|0,0|0,0|0,1|0,0|0,0|0,0|0,0|0,0|0,0|0,0|0,0|0,0|0
5,139307308,.,A,AT,.,PASS,AC=2209;AN=5096;DP=58849;AF=0.43;EAS_AF=0.2;EUR_AF=0.66;AFR_AF=0.21;AMR_AF=0.63;SAS_AF=0.59;VT=INDEL;NS=2548,GT,1|0,0|1,1|1,1|1,1|1,1|1,1|1,1|1,1|1,1|1,1|1,0|0,1|1,1|1,1|1,1|1,1|0,1|1,1|1,1|1,1|1,0|1,1|1,1|1,0|1,1|1,1|0,1|1,1|0,1|1,1|0,1|1,1|0,1|0,1|0,1|1,0|1,1|1,1|1,1|0,0|1,0|1,1|1,1|0,1|1,0|1,0|1,0|0,1|1,1|1,1|0,0|0,0|1,1|0,0|1,0|0,1|1,0|0,1|1,1|0,1|1,1|0,1|0,1|0,1|0,1|1,1|0,1|0,0|0,1|1,1|1,1|0,1|1,1|1,1|1,1|1,0|0,1|1,1|0,1|0,1|0,0|1,0|1,0|0,1|1
5,139307373,.,T,A,.,PASS,AC=2285;AN=5096;DP=114674;AF=0.45;EAS_AF=0.25;EUR_AF=0.7;AFR_AF=0.18;AMR_AF=0.65;SAS_AF=0.62;VT=SNP;NS=2548,GT,1|0,0|1,1|1,1|1,1|1,1|1,1|1,1|1,1|1,1|1,1|1,0|0,1|1,1|1,1|1,1|1,1|0,1|1,1|1,1|1,1|1,0|1,1|1,1|1,0|1,1|1,1|0,1|1,1|0,1|1,1|0,1|1,1|0,1|0,1|0,1|1,0|1,1|1,1|1,1|0,0|1,0|1,1|1,1|0,1|1,0|1,0|1,0|0,1|1,1|1,1|0,0|0,0|1,1|0,0|1,0|0,1|1,1|0,1|1,1|0,1|1,1|0,1|1,1|0,1|0,1|1,1|1,1|0,0|0,1|1,1|1,1|0,1|1,1|1,1|1,1|1,0|0,1|1,1|0,1|0,1|0,0|1,0|1,0|0,1|1
5,139308453,.,CACTT,C,.,PASS,AC=2;AN=5096;DP=84198;AF=0;EAS_AF=0;EUR_AF=0;AFR_AF=0;AMR_AF=0;SAS_AF=0;VT=INDEL;NS=2548,GT,0|0,0|0,0|0,0|0,0|0,0|0,0|0,0|0,0|0,0|0,0|0,0|0,0|0,0|0,0|0,0|1,0|0,0|0,0|0,0|0,0|0,0|0,0|0,0|0,0|0,0|0,0|0,0|0,0|0,0|0,0|0,0|0,0|0,0|0,1|0,0|0,0|0,0|0,0|0,0|0,0|0,0|0,0|0,0|0,0|0,0|0,0|0,0|0,0|0,0|0,0|0,0|0,0|0,0|0,0|0,0|0,0|0,0|0,0|0,0|0,0|0,0|0,0|0,0|0,0|0,0|0,0|0,0|0,0|0,0|0,0|0,0|0,0|0,0|0,0|0,0|0,0|0,0|0,0|0,0|0,0|0,0|0,0|0,0|0,0|0
5,139309216,.,C,T,.,PASS,AC=2;AN=5096;DP=21615;AF=0;EAS_AF=0;EUR_AF=0;AFR_AF=0;AMR_AF=0;SAS_AF=0;VT=SNP;NS=2548,GT,0|0,0|0,0|0,1|0,0|0,0|0,0|0,0|0,0|0,0|0,0|0,0|0,0|0,0|0,0|0,0|0,0|0,0|0,0|0,0|0,0|0,0|0,0|0,0|0,0|0,0|0,0|0,0|0,0|0,0|0,0|0,0|0,0|0,0|0,0|0,0|0,0|0,0|0,0|0,0|0,0|0,0|0,0|0,0|0,0|0,0|0,0|0,0|0,0|0,0|0,0|0,0|0,0|0,0|0,0|0,0|0,0|0,0|0,0|0,0|0,0|0,0|0,0|0,0|0,0|0,0|0,0|0,0|0,0|0,0|0,0|0,0|0,0|0,0|0,0|0,0|1,0|0,0|0,0|0,0|0,0|0,0|0,0|0,0|0,0|0
5,139310425,.,C,A,.,PASS,AC=1;AN=5096;DP=19403;AF=0;EAS_AF=0;EUR_AF=0;AFR_AF=0;AMR_AF=0;SAS_AF=0;VT=SNP;NS=2548,GT,0|0,0|0,0|0,0|0,0|0,0|0,0|0,0|0,0|0,0|0,0|0,0|1,0|0,0|0,0|0,0|0,0|0,0|0,0|0,0|0,0|0,0|0,0|0,0|0,0|0,0|0,0|0,0|0,0|0,0|0,0|0,0|0,0|0,0|0,0|0,0|0,0|0,0|0,0|0,0|0,0|0,0|0,0|0,0|0,0|0,0|0,0|0,0|0,0|0,0|0,0|0,0|0,0|0,0|0,0|0,0|0,0|0,0|0,0|0,0|0,0|0,0|0,0|0,0|0,0|0,0|0,0|0,0|0,0|0,0|0,0|0,0|0,0|0,0|0,0|0,0|0,0|0,0|0,0|0,0|0,0|0,0|0,0|0,0|0,0|0
5,139312077,.,T,C,.,PASS,AC=119;AN=5096;DP=18083;AF=0.02;EAS_AF=0;EUR_AF=0.06;AFR_AF=0;AMR_AF=0.03;SAS_AF=0.03;VT=SNP;NS=2548,GT,0|0,0|0,0|0,0|0,0|0,0|0,0|0,0|0,0|0,0|0,0|0,0|0,0|0,0|0,0|0,0|0,0|0,0|0,0|0,0|0,0|0,0|0,0|0,0|0,0|0,0|0,0|0,0|0,0|0,0|0,0|0,0|0,0|0,0|0,0|0,0|0,0|1,0|0,0|1,0|0,0|0,0|0,0|0,0|0,0|0,0|0,0|0,0|0,0|0,0|0,0|0,0|0,0|0,0|0,0|0,0|0,0|0,0|0,0|0,0|0,0|0,0|0,0|0,0|0,0|0,0|0,0|0,0|0,0|0,0|0,0|0,0|0,0|0,0|0,0|0,0|0,0|0,0|0,0|0,0|0,0|0,0|0,0|0,0|0,0|0
5,139312140,.,G,A,.,PASS,AC=1896;AN=5096;DP=18582;AF=0.37;EAS_AF=0.2;EUR_AF=0.61;AFR_AF=0.05;AMR_AF=0.58;SAS_AF=0.58;VT=SNP;NS=2548,GT,1|0,0|1,1|1,1|1,1|1,1|1,1|1,1|1,1|1,1|1,1|1,0|0,1|1,1|1,1|1,1|1,1|0,1|1,1|1,1|1,1|1,0|1,1|1,1|1,0|1,1|1,1|0,1|1,1|0,1|1,1|0,1|1,1|0,1|0,1|0,1|1,0|1,1|1,0|1,1|0,0|1,0|1,1|1,1|0,1|1,0|1,0|1,0|0,1|1,1|1,1|0,0|0,0|1,1|0,0|1,0|0,1|1,0|0,1|1,1|0,1|1,1|0,1|0,1|0,1|0,1|1,1|0,1|0,0|0,1|1,1|1,1|0,1|1,1|1,1|1,1|1,0|0,1|0,1|0,0|0,1|0,0|1,0|1,0|0,1|1
5,139313346,.,T,A,.,PASS,AC=22;AN=5096;DP=14973;AF=0;EAS_AF=0;EUR_AF=0;AFR_AF=0.01;AMR_AF=0;SAS_AF=0;VT=SNP;NS=2548,GT,0|0,0|0,0|0,0|0,0|0,0|0,0|0,0|0,0|0,0|0,0|0,0|0,0|0,0|0,0|0,0|0,0|0,0|0,0|0,0|0,0|0,0|0,0|0,0|0,0|0,0|0,0|0,0|0,0|0,0|0,0|0,0|0,0|0,0|0,0|0,0|0,0|0,0|0,0|0,0|0,0|0,0|0,0|0,0|0,0|0,1|0,0|0,0|0,0|0,0|0,0|0,0|0,0|0,0|0,0|0,0|0,0|0,0|0,0|0,0|0,0|0,0|0,0|0,0|0,0|0,0|0,0|0,0|0,0|0,0|0,0|0,0|0,0|0,0|0,0|0,0|0,0|0,0|0,0|0,0|0,0|0,0|0,0|0,0|0,0|0
5,139313900,.,AGTTTTT,A,.,PASS,AC=67;AN=5096;DP=21219;AF=0.01;EAS_AF=0.01;EUR_AF=0.04;AFR_AF=0;AMR_AF=0.02;SAS_AF=0;VT=INDEL;NS=2548,GT,0|0,0|0,0|0,0|0,0|0,0|0,0|0,0|0,0|0,0|0,0|0,0|0,0|0,0|0,0|0,0|0,0|0,0|0,0|0,0|0,1|0,0|0,0|0,0|0,0|0,0|0,0|0,0|0,0|0,0|0,0|0,0|0,0|0,0|0,0|0,0|0,0|0,0|0,0|0,0|0,0|0,0|0,0|0,0|0,0|0,0|0,0|0,0|0,0|0,0|0,0|0,0|0,0|0,0|0,0|0,0|0,0|0,0|0,0|0,0|0,0|0,0|0,0|0,0|0,0|0,0|0,0|0,0|0,0|0,0|0,0|0,0|0,0|0,0|0,0|0,0|0,0|0,0|0,0|0,0|0,0|0,0|0,0|0,0|0,0|0
5,139313913,.,GT,G,.,PASS,AC=76;AN=5096;DP=21295;AF=0.01;EAS_AF=0.01;EUR_AF=0.04;AFR_AF=0.01;AMR_AF=0.01;SAS_AF=0.01;VT=INDEL;NS=2548,GT,0|0,0|0,0|0,0|0,0|0,0|0,0|0,0|0,0|0,0|0,0|0,0|0,0|0,0|0,0|0,0|0,0|0,0|0,0|0,0|0,1|0,0|0,0|0,0|0,0|0,0|0,0|0,0|0,0|0,0|0,0|0,0|0,0|0,0|0,0|0,0|0,0|0,0|0,0|0,0|0,0|0,0|0,0|0,0|0,0|0,0|0,0|0,0|0,0|0,0|0,0|0,0|0,0|0,0|0,0|0,0|0,0|0,0|0,0|0,0|0,0|0,0|0,0|0,0|0,0|0,0|0,0|0,0|0,0|0,0|0,0|0,0|0,0|0,0|0,0|0,0|0,0|0,0|0,0|0,0|0,0|0,0|0,0|0,0|0,0|0
5,139314869,.,C,T,.,PASS,AC=1;AN=5096;DP=91177;AF=0;EAS_AF=0;EUR_AF=0;AFR_AF=0;AMR_AF=0;SAS_AF=0;VT=SNP;NS=2548,GT,0|0,0|0,0|0,0|0,0|0,0|0,0|0,0|0,0|0,0|0,0|0,0|0,0|0,0|0,0|0,0|0,0|0,0|0,0|0,0|0,0|0,0|0,0|0,0|0,0|0,0|0,0|0,0|0,0|0,0|0,0|0,0|0,0|0,0|0,0|0,0|0,0|0,0|0,0|0,0|0,0|0,0|0,0|0,0|0,0|0,0|0,0|0,0|0,0|0,0|0,0|0,1|0,0|0,0|0,0|0,0|0,0|0,0|0,0|0,0|0,0|0,0|0,0|0,0|0,0|0,0|0,0|0,0|0,0|0,0|0,0|0,0|0,0|0,0|0,0|0,0|0,0|0,0|0,0|0,0|0,0|0,0|0,0|0,0|0,0|0
5,139315094,.,G,C,.,PASS,AC=1;AN=5096;DP=23867;AF=0;EAS_AF=0;EUR_AF=0;AFR_AF=0;AMR_AF=0;SAS_AF=0;VT=SNP;NS=2548,GT,0|0,0|0,0|0,0|0,0|0,0|0,0|0,0|0,0|0,0|0,0|0,0|0,0|0,0|0,0|0,0|0,0|0,0|0,0|0,0|0,0|0,0|0,0|0,0|0,0|0,0|0,0|0,0|0,0|0,0|0,0|0,0|0,0|0,0|0,0|0,0|0,0|0,0|0,0|0,1|0,0|0,0|0,0|0,0|0,0|0,0|0,0|0,0|0,0|0,0|0,0|0,0|0,0|0,0|0,0|0,0|0,0|0,0|0,0|0,0|0,0|0,0|0,0|0,0|0,0|0,0|0,0|0,0|0,0|0,0|0,0|0,0|0,0|0,0|0,0|0,0|0,0|0,0|0,0|0,0|0,0|0,0|0,0|0,0|0,0|0
5,139316049,.,T,C,.,PASS,AC=1;AN=5096;DP=297399;AF=0;EAS_AF=0;EUR_AF=0;AFR_AF=0;AMR_AF=0;SAS_AF=0;EX_TARGET;VT=SNP;NS=2548,GT,0|0,0|0,0|0,0|0,0|0,0|0,0|0,0|0,0|0,0|0,0|0,0|0,0|0,0|0,0|0,0|0,0|0,0|0,0|0,0|0,0|0,0|0,0|0,0|0,0|0,0|0,0|0,0|0,0|0,0|0,0|0,0|0,0|0,0|0,0|0,0|0,0|0,0|0,0|0,1|0,0|0,0|0,0|0,0|0,0|0,0|0,0|0,0|0,0|0,0|0,0|0,0|0,0|0,0|0,0|0,0|0,0|0,0|0,0|0,0|0,0|0,0|0,0|0,0|0,0|0,0|0,0|0,0|0,0|0,0|0,0|0,0|0,0|0,0|0,0|0,0|0,0|0,0|0,0|0,0|0,0|0,0|0,0|0,0|0,0|0
5,139316636,.,C,G,.,PASS,AC=1;AN=5096;DP=22986;AF=0;EAS_AF=0;EUR_AF=0;AFR_AF=0;AMR_AF=0;SAS_AF=0;VT=SNP;NS=2548,GT,0|0,0|0,0|0,0|0,0|0,0|0,0|0,0|0,0|0,0|0,0|0,0|0,0|0,0|0,0|0,0|0,0|0,0|0,0|0,0|0,0|0,0|0,0|0,0|0,0|0,0|0,0|0,0|0,0|0,0|0,0|0,0|0,0|0,0|0,0|0,0|0,0|0,0|0,0|0,0|0,0|1,0|0,0|0,0|0,0|0,0|0,0|0,0|0,0|0,0|0,0|0,0|0,0|0,0|0,0|0,0|0,0|0,0|0,0|0,0|0,0|0,0|0,0|0,0|0,0|0,0|0,0|0,0|0,0|0,0|0,0|0,0|0,0|0,0|0,0|0,0|0,0|0,0|0,0|0,0|0,0|0,0|0,0|0,0|0,0|0
5,139317489,.,T,C,.,PASS,AC=9;AN=5096;DP=94077;AF=0;EAS_AF=0;EUR_AF=0.01;AFR_AF=0;AMR_AF=0;SAS_AF=0;VT=SNP;NS=2548,GT,0|0,0|0,0|0,0|0,0|0,0|0,0|0,0|0,0|0,0|0,0|0,0|0,0|0,0|0,0|0,0|0,0|0,0|0,0|0,0|0,0|0,0|0,0|0,0|0,0|0,0|0,0|0,0|0,0|0,0|0,0|0,0|0,0|0,0|0,0|0,0|0,0|0,0|0,0|0,0|0,0|0,0|0,0|0,0|0,0|0,0|0,0|0,0|0,0|0,0|0,0|0,0|0,0|0,0|0,0|0,0|0,0|0,0|0,0|0,0|0,0|0,0|0,0|0,0|0,0|0,0|0,0|0,0|0,0|0,0|0,0|0,0|0,1|0,0|0,0|0,0|0,0|0,0|0,0|0,0|0,0|0,0|0,0|0,0|0,0|0
5,139317547,.,A,T,.,PASS,AC=4;AN=5096;DP=185185;AF=0;EAS_AF=0;EUR_AF=0;AFR_AF=0;AMR_AF=0;SAS_AF=0;EX_TARGET;VT=SNP;NS=2548,GT,0|0,0|0,0|0,0|0,0|0,0|0,0|0,0|0,0|0,0|0,0|0,0|0,0|0,0|0,0|0,0|0,0|0,0|0,0|0,0|0,0|0,0|0,0|0,0|0,0|0,0|0,0|0,0|0,0|0,0|0,0|0,0|0,0|0,0|0,0|0,0|0,0|0,0|0,0|0,0|0,0|0,0|0,0|0,0|0,0|0,0|0,0|0,0|0,0|0,0|0,0|0,0|0,0|0,0|0,0|0,0|0,0|0,0|0,0|0,0|0,0|0,0|0,0|0,0|0,0|0,0|0,0|0,0|0,0|0,0|0,0|0,0|0,0|0,0|0,0|0,0|0,0|0,0|0,0|0,0|0,0|0,0|0,0|0,0|1,0|0
5,139317549,.,T,G,.,PASS,AC=4;AN=5096;DP=188522;AF=0;EAS_AF=0;EUR_AF=0;AFR_AF=0;AMR_AF=0;SAS_AF=0;EX_TARGET;VT=SNP;NS=2548,GT,0|0,0|0,0|0,0|0,0|0,0|0,0|0,0|0,0|0,0|0,0|0,0|0,0|0,0|0,0|0,0|0,0|0,0|0,0|0,0|0,0|0,0|0,0|0,0|0,0|0,0|0,0|0,0|0,0|0,0|0,0|0,0|0,0|0,0|0,0|0,0|0,0|0,0|0,0|0,0|0,0|0,0|0,0|0,0|0,0|0,0|0,0|0,0|0,0|0,0|0,0|0,0|0,0|0,0|0,0|0,0|0,0|0,0|0,0|0,0|0,0|0,0|0,0|0,0|0,0|0,0|0,0|0,0|0,0|0,0|0,0|0,0|0,0|0,0|0,0|0,0|0,0|0,0|0,0|0,0|0,0|0,0|0,0|0,0|1,0|0
5,139317566,.,A,T,.,PASS,AC=4;AN=5096;DP=222267;AF=0;EAS_AF=0;EUR_AF=0;AFR_AF=0;AMR_AF=0;SAS_AF=0;EX_TARGET;VT=SNP;NS=2548,GT,0|0,0|0,0|0,0|0,0|0,0|0,0|0,0|0,0|0,0|0,0|0,0|0,0|0,0|0,0|0,0|0,0|0,0|0,0|0,0|0,0|0,0|0,0|0,0|0,0|0,0|0,0|0,0|0,0|0,0|0,0|0,0|0,0|0,0|0,0|0,0|0,0|0,0|0,0|0,0|0,0|0,0|0,0|0,0|0,0|0,0|0,0|0,0|0,0|0,0|0,0|0,0|0,0|0,0|0,0|0,0|0,0|0,0|0,0|0,0|0,0|0,0|0,0|0,0|0,0|0,0|0,0|0,0|0,0|0,0|0,0|0,0|0,0|0,0|0,0|0,0|0,0|0,0|0,0|0,0|0,0|0,0|0,0|0,0|1,0|0
5,139318484,.,T,G,.,PASS,AC=2047;AN=5096;DP=21202;AF=0.4;EAS_AF=0.2;EUR_AF=0.66;AFR_AF=0.09;AMR_AF=0.62;SAS_AF=0.59;VT=SNP;NS=2548,GT,1|0,0|1,1|1,1|1,1|1,1|1,1|1,1|1,1|1,1|1,1|1,0|0,1|1,1|1,1|1,1|1,1|0,1|1,1|1,1|1,1|1,0|1,1|1,1|1,0|1,1|1,1|0,1|1,1|0,1|1,1|0,1|1,1|0,1|0,1|0,1|1,0|1,1|1,1|1,1|0,0|1,0|1,1|1,1|0,1|1,0|1,0|1,0|0,1|1,1|1,1|0,0|0,0|1,1|0,0|1,0|0,1|1,0|0,1|1,1|0,1|1,1|0,1|0,1|0,1|0,1|1,1|0,1|0,0|0,1|1,1|1,1|0,1|1,1|1,1|1,1|1,0|0,1|1,1|0,1|0,1|0,0|1,0|1,0|0,1|1
5,139318632,.,G,A,.,PASS,AC=179;AN=5096;DP=24258;AF=0.04;EAS_AF=0.01;EUR_AF=0.03;AFR_AF=0.07;AMR_AF=0.02;SAS_AF=0.02;VT=SNP;NS=2548,GT,0|0,0|0,0|0,0|0,0|0,0|0,0|0,0|0,0|0,0|0,0|0,0|0,0|0,0|0,0|0,0|0,0|0,0|0,0|0,0|0,0|0,0|0,0|0,0|0,0|0,0|0,0|0,0|0,0|0,0|0,0|0,0|0,0|0,0|0,0|0,0|0,0|0,0|0,0|0,0|0,0|0,0|0,0|0,0|0,0|0,0|0,0|0,0|0,0|0,0|0,0|0,0|0,0|0,0|0,0|0,0|0,0|0,1|0,0|0,0|0,0|0,0|0,0|1,0|0,0|0,0|0,0|1,0|0,0|0,0|0,0|0,0|0,0|0,0|0,0|0,0|0,0|0,0|0,0|0,0|0,0|0,0|0,0|0,0|0,0|0
5,139318872,.,G,GA,.,PASS,AC=4;AN=5096;DP=176834;AF=0;EAS_AF=0;EUR_AF=0;AFR_AF=0;AMR_AF=0;SAS_AF=0;EX_TARGET;VT=INDEL;NS=2548,GT,0|0,0|0,0|0,0|0,0|0,0|0,0|0,0|0,0|0,0|0,0|0,0|0,0|0,0|0,0|0,0|0,0|0,0|0,0|0,0|0,0|0,0|0,0|0,0|0,0|0,0|0,0|0,0|0,0|0,0|0,0|0,0|0,0|0,0|0,0|0,0|0,0|0,0|1,0|0,0|0,0|0,0|0,0|0,0|0,0|0,0|0,0|0,0|0,0|0,0|0,0|0,0|0,0|0,0|0,0|0,0|0,0|0,0|0,0|0,0|0,0|0,0|0,0|0,0|0,0|0,0|0,0|0,0|0,0|0,0|0,0|0,0|0,0|0,0|0,0|0,0|0,0|0,0|0,0|0,0|0,0|0,0|0,0|0,0|0,0|0
5,139319507,.,A,G,.,PASS,AC=36;AN=5096;DP=221523;AF=0.01;EAS_AF=0;EUR_AF=0.02;AFR_AF=0;AMR_AF=0.01;SAS_AF=0;EX_TARGET;VT=SNP;NS=2548,GT,0|0,0|0,0|0,0|0,0|0,0|0,0|0,0|0,0|0,0|0,0|0,0|0,0|0,0|0,0|0,0|0,0|0,0|0,0|0,0|0,0|0,0|0,0|0,0|0,0|0,0|0,0|0,0|0,0|0,0|0,0|0,0|0,0|0,0|0,0|0,0|0,0|0,0|0,1|0,0|0,0|0,0|0,0|0,0|0,0|0,0|0,0|0,0|0,0|0,0|0,0|0,0|0,0|0,0|0,0|0,0|0,0|0,0|0,0|0,0|0,0|0,0|0,0|0,0|0,0|0,0|0,0|0,0|0,0|0,0|0,0|0,0|0,0|0,0|0,0|0,0|0,0|0,0|0,0|0,0|0,0|0,0|0,0|0,0|0,0|0
5,139320954,.,T,G,.,PASS,AC=2210;AN=5096;DP=11782;AF=0.43;EAS_AF=0.2;EUR_AF=0.66;AFR_AF=0.21;AMR_AF=0.63;SAS_AF=0.59;VT=SNP;NS=2548,GT,1|0,0|1,1|1,1|1,1|1,1|1,1|1,1|1,1|1,1|1,1|1,0|0,1|1,1|1,1|1,1|1,1|0,1|1,1|1,1|1,1|1,0|1,1|1,1|1,0|1,1|1,1|0,1|1,1|0,1|1,1|0,1|1,1|0,1|0,1|0,1|1,0|1,1|1,1|1,1|0,0|1,0|1,1|1,1|0,1|1,0|1,0|1,0|0,1|1,1|1,1|0,0|0,0|1,1|0,0|1,0|0,1|1,0|0,1|1,1|0,1|1,1|0,1|0,1|0,1|0,1|1,1|0,1|0,0|0,1|1,1|1,1|0,1|1,1|1,1|1,1|1,0|0,1|1,1|0,1|0,1|0,0|1,0|1,0|0,1|1
5,139321002,.,C,T,.,PASS,AC=45;AN=5096;DP=16076;AF=0.01;EAS_AF=0;EUR_AF=0;AFR_AF=0.03;AMR_AF=0;SAS_AF=0;VT=SNP;NS=2548,GT,0|0,0|0,0|0,0|0,0|0,0|0,0|0,0|0,0|0,0|0,0|0,0|0,0|0,0|0,0|0,0|0,0|0,0|0,0|0,0|0,0|0,0|0,0|0,0|0,0|0,0|0,0|0,0|0,0|0,0|0,0|0,0|0,0|0,0|0,0|0,0|0,0|0,0|0,0|0,0|0,0|0,0|0,0|0,0|0,0|0,0|0,0|0,0|0,0|0,0|0,0|0,1|0,0|0,0|0,0|0,0|0,0|0,0|0,0|0,0|0,0|0,0|0,0|0,0|0,0|0,0|0,0|0,0|0,0|0,0|0,0|0,0|0,0|0,0|0,0|0,0|0,0|0,0|0,0|0,0|0,0|0,0|0,0|0,0|0,0|0
5,139321159,.,G,T,.,PASS,AC=2012;AN=5096;DP=19716;AF=0.39;EAS_AF=0.2;EUR_AF=0.66;AFR_AF=0.07;AMR_AF=0.62;SAS_AF=0.59;VT=SNP;NS=2548,GT,1|0,0|1,1|1,1|1,1|1,1|1,1|1,1|1,1|1,1|1,1|1,0|0,1|1,1|1,1|1,1|1,1|0,1|1,1|1,1|1,1|1,0|1,1|1,1|1,0|1,1|1,1|0,1|1,1|0,1|1,1|0,1|1,1|0,1|0,1|0,1|1,0|1,1|1,1|1,1|0,0|1,0|1,1|1,1|0,1|1,0|1,0|1,0|0,1|1,1|1,1|0,0|0,0|1,1|0,0|1,0|0,1|1,0|0,1|1,1|0,1|1,1|0,1|0,1|0,1|0,1|1,1|0,1|0,0|0,1|1,1|1,1|0,1|1,1|1,1|1,1|1,0|0,1|1,1|0,1|0,1|0,0|1,0|1,0|0,1|1
5,139321161,.,T,A,.,PASS,AC=43;AN=5096;DP=19664;AF=0.01;EAS_AF=0;EUR_AF=0;AFR_AF=0.03;AMR_AF=0;SAS_AF=0;VT=SNP;NS=2548,GT,0|0,0|0,0|0,0|0,0|0,0|0,0|0,0|0,0|0,0|0,0|0,0|0,0|0,0|0,0|0,0|0,0|0,0|0,0|0,0|0,0|0,0|0,0|0,0|0,0|0,0|0,0|0,0|0,0|0,0|0,0|0,0|0,0|0,0|0,0|0,0|0,0|0,0|0,0|0,0|0,0|0,0|0,0|0,0|0,0|0,0|0,0|0,0|0,0|0,0|0,0|0,1|0,0|0,0|0,0|0,0|0,0|0,0|0,0|0,0|0,0|0,0|0,0|0,0|0,0|0,0|0,0|0,0|0,0|0,0|0,0|0,0|0,0|0,0|0,0|0,0|0,0|0,0|0,0|0,0|0,0|0,0|0,0|0,0|0,0|0
5,139321782,.,CAAAAAAG,C,.,PASS,AC=2048;AN=5096;DP=65615;AF=0.4;EAS_AF=0.2;EUR_AF=0.66;AFR_AF=0.1;AMR_AF=0.62;SAS_AF=0.59;VT=INDEL;NS=2548,GT,1|0,0|1,1|1,1|1,1|1,1|1,1|1,1|1,1|1,1|1,1|1,0|0,1|1,1|1,1|1,1|1,1|0,1|1,1|1,1|1,1|1,0|1,1|1,1|1,0|1,1|1,1|0,1|1,1|0,1|1,1|0,1|1,1|0,1|0,1|0,1|1,0|1,1|1,1|1,1|0,0|1,0|1,1|1,1|0,1|1,0|1,0|1,0|0,1|1,1|1,1|0,0|0,0|1,1|0,0|1,0|0,1|1,0|0,1|1,1|0,1|1,1|0,1|0,1|0,1|0,1|1,1|0,1|0,0|0,1|1,1|1,1|0,1|1,1|1,1|1,1|1,0|0,1|1,1|0,1|0,1|0,0|1,0|1,0|0,1|1
5,139322125,.,G,A,.,PASS,AC=4;AN=5096;DP=170846;AF=0;EAS_AF=0;EUR_AF=0;AFR_AF=0;AMR_AF=0;SAS_AF=0;VT=SNP;NS=2548,GT,0|0,0|0,0|0,0|0,0|0,0|0,0|0,0|0,0|0,0|0,0|0,0|0,0|0,0|0,0|0,0|0,0|1,0|0,0|0,0|0,0|0,0|0,0|0,0|0,0|0,0|0,0|0,0|0,0|0,0|0,0|0,0|0,0|0,0|0,0|0,0|0,0|0,0|0,0|0,0|0,0|0,0|0,0|0,0|0,0|0,0|0,0|0,0|0,0|0,0|0,0|0,0|0,0|0,0|0,0|0,0|0,0|0,0|0,0|0,0|0,0|0,0|0,0|0,0|0,0|0,0|0,0|0,0|0,0|0,0|0,0|0,0|0,0|0,0|0,0|0,0|0,0|0,0|0,0|0,0|0,0|0,0|0,0|0,0|0,0|0
5,139322255,.,C,A,.,PASS,AC=2474;AN=5096;DP=68403;AF=0.49;EAS_AF=0.23;EUR_AF=0.7;AFR_AF=0.32;AMR_AF=0.65;SAS_AF=0.62;VT=SNP;NS=2548,GT,1|0,0|1,1|1,1|1,1|1,1|1,1|1,1|1,1|1,1|1,1|1,0|0,1|1,1|1,1|1,1|1,1|0,1|1,1|1,1|1,1|1,0|1,1|1,1|1,0|1,1|1,1|0,1|1,1|0,1|1,1|0,1|1,1|0,1|0,1|0,1|1,0|1,1|1,1|1,1|0,0|1,0|1,1|1,1|0,1|1,1|1,0|1,0|0,1|1,1|1,1|0,0|0,0|1,1|0,0|1,0|0,1|1,1|0,1|1,1|0,1|1,1|0,1|1,1|0,1|0,1|1,1|1,1|0,0|0,1|1,1|1,1|0,1|1,1|1,1|1,1|1,0|0,1|1,1|0,1|0,1|0,0|1,0|1,0|0,1|1
5,139322303,.,A,G,.,PASS,AC=1;AN=5096;DP=77504;AF=0;EAS_AF=0;EUR_AF=0;AFR_AF=0;AMR_AF=0;SAS_AF=0;VT=SNP;NS=2548,GT,0|0,0|0,0|0,0|0,0|0,0|0,0|0,0|0,0|0,0|0,0|0,0|0,0|0,0|0,0|0,0|0,0|0,0|0,0|0,0|1,0|0,0|0,0|0,0|0,0|0,0|0,0|0,0|0,0|0,0|0,0|0,0|0,0|0,0|0,0|0,0|0,0|0,0|0,0|0,0|0,0|0,0|0,0|0,0|0,0|0,0|0,0|0,0|0,0|0,0|0,0|0,0|0,0|0,0|0,0|0,0|0,0|0,0|0,0|0,0|0,0|0,0|0,0|0,0|0,0|0,0|0,0|0,0|0,0|0,0|0,0|0,0|0,0|0,0|0,0|0,0|0,0|0,0|0,0|0,0|0,0|0,0|0,0|0,0|0,0|0
5,139323157,.,T,G,.,PASS,AC=2048;AN=5096;DP=26164;AF=0.4;EAS_AF=0.2;EUR_AF=0.66;AFR_AF=0.09;AMR_AF=0.62;SAS_AF=0.59;VT=SNP;NS=2548,GT,1|0,0|1,1|1,1|1,1|1,1|1,1|1,1|1,1|1,1|1,1|1,0|0,1|1,1|1,1|1,1|1,1|0,1|1,1|1,1|1,1|1,0|1,1|1,1|1,0|1,1|1,1|0,1|1,1|0,1|1,1|0,1|1,1|0,1|0,1|0,1|1,0|1,1|1,1|1,1|0,0|1,0|1,1|1,1|0,1|1,0|1,0|1,0|0,1|1,1|1,1|0,0|0,0|1,1|0,0|1,0|0,1|1,0|0,1|1,1|0,1|1,1|0,1|0,1|0,1|0,1|1,1|0,1|0,0|0,1|1,1|1,1|0,1|1,1|1,1|1,1|1,0|0,1|1,1|0,1|0,1|0,0|1,0|1,0|0,1|1
5,139323220,.,T,TTGA,.,PASS,AC=176;AN=5096;DP=21824;AF=0.03;EAS_AF=0.01;EUR_AF=0.03;AFR_AF=0.07;AMR_AF=0.02;SAS_AF=0.02;VT=INDEL;NS=2548,GT,0|0,0|0,0|0,0|0,0|0,0|0,0|0,0|0,0|0,0|0,0|0,0|0,0|0,0|0,0|0,0|0,0|0,0|0,0|0,0|0,0|0,0|0,0|0,0|0,0|0,0|0,0|0,0|0,0|0,0|0,0|0,0|0,0|0,0|0,0|0,0|0,0|0,0|0,0|0,0|0,0|0,0|0,0|0,0|0,0|0,0|0,0|0,0|0,0|0,0|0,0|0,0|0,0|0,0|0,0|0,0|0,0|0,1|0,0|0,0|0,0|0,0|0,0|1,0|0,0|0,0|0,0|1,0|0,0|0,0|0,0|0,0|0,0|0,0|0,0|0,0|0,0|0,0|0,0|0,0|0,0|0,0|0,0|0,0|0,0|0
5,139323454,.,G,A,.,PASS,AC=18;AN=5096;DP=20460;AF=0;EAS_AF=0;EUR_AF=0.01;AFR_AF=0;AMR_AF=0.01;SAS_AF=0;VT=SNP;NS=2548,GT,0|0,0|0,0|0,0|0,0|0,0|0,0|0,0|0,0|0,0|0,0|0,0|0,0|0,0|0,0|0,0|0,0|0,0|0,0|0,0|0,0|0,0|0,0|0,0|0,0|0,0|0,0|0,0|0,0|0,0|0,0|0,0|0,0|0,0|0,0|0,0|0,0|0,0|0,0|0,0|0,0|0,0|0,0|0,0|0,0|0,0|0,0|0,0|0,0|0,0|0,0|1,0|0,0|0,0|0,0|0,0|0,0|0,0|0,0|0,0|0,0|0,0|0,0|0,0|0,0|0,0|0,0|0,0|0,0|0,0|0,0|0,0|0,0|0,0|0,0|0,0|0,0|0,0|0,0|0,0|0,0|0,0|0,0|0,0|0,0|0
5,139323469,.,T,C,.,PASS,AC=4930;AN=5096;DP=20455;AF=0.97;EAS_AF=1;EUR_AF=0.91;AFR_AF=1;AMR_AF=0.95;SAS_AF=0.98;VT=SNP;NS=2548,GT,1|1,1|1,1|1,1|1,1|1,1|1,1|1,1|1,1|1,1|1,1|1,1|1,1|1,1|1,1|1,1|1,1|1,1|1,1|1,1|1,1|1,0|1,1|1,1|1,1|1,1|1,1|1,1|1,1|1,1|1,1|1,1|1,1|1,1|0,1|1,1|1,1|1,1|1,1|1,1|1,1|1,1|1,1|1,1|1,1|1,1|1,1|1,1|1,1|1,1|1,1|1,1|1,1|1,1|1,1|1,1|1,1|1,1|1,1|1,1|1,1|1,1|1,1|1,1|1,1|1,1|1,1|1,1|1,1|1,1|1,1|1,1|1,1|1,1|1,1|1,1|1,1|1,1|1,1|1,1|0,1|1,1|1,1|1,0|1,1|1
5,139323558,.,G,A,.,PASS,AC=100;AN=5096;DP=25263;AF=0.02;EAS_AF=0;EUR_AF=0.01;AFR_AF=0;AMR_AF=0.01;SAS_AF=0.08;VT=SNP;NS=2548,GT,0|0,1|0,0|0,0|0,0|0,0|0,0|0,0|0,0|0,0|0,0|0,0|0,0|0,0|0,0|0,0|0,0|0,0|0,0|0,0|0,0|0,0|0,0|0,0|0,0|0,0|0,0|0,0|0,0|0,0|0,0|0,0|0,0|0,0|0,0|0,0|0,0|0,0|0,0|0,0|0,0|0,0|0,0|0,0|0,0|0,0|0,0|0,0|0,0|0,0|0,0|0,0|0,0|0,0|0,0|0,0|0,0|0,0|0,0|0,0|0,0|0,0|0,0|0,0|0,0|0,0|0,0|0,0|0,0|0,0|0,0|0,0|0,0|0,0|0,0|0,0|0,0|0,0|0,0|0,0|0,0|0,0|0,0|0,0|0,0|0
5,139323654,.,T,C,.,PASS,AC=118;AN=5096;DP=21292;AF=0.02;EAS_AF=0;EUR_AF=0.07;AFR_AF=0;AMR_AF=0.05;SAS_AF=0.01;VT=SNP;NS=2548,GT,0|0,0|0,0|0,0|0,0|0,1|0,0|0,0|1,0|0,0|0,0|0,0|0,0|0,0|0,0|0,0|0,0|0,0|0,0|0,0|0,0|0,0|0,0|1,0|0,0|0,0|0,0|0,0|0,0|0,0|0,0|0,0|0,0|0,0|0,0|0,0|0,0|0,0|0,0|0,0|0,0|0,0|0,0|1,0|0,0|0,0|0,0|0,0|0,0|0,0|0,0|0,0|0,0|0,1|0,0|0,0|0,0|0,0|0,0|1,0|0,0|0,0|0,0|0,0|0,0|0,0|0,0|0,0|0,0|0,0|0,0|0,0|0,0|0,0|0,0|0,0|0,0|0,0|0,0|0,0|0,0|0,0|0,0|0,0|0,0|0
5,139324204,.,A,G,.,PASS,AC=2210;AN=5096;DP=21427;AF=0.43;EAS_AF=0.2;EUR_AF=0.66;AFR_AF=0.21;AMR_AF=0.63;SAS_AF=0.59;VT=SNP;NS=2548,GT,1|0,0|1,1|1,1|1,1|1,1|1,1|1,1|1,1|1,1|1,1|1,0|0,1|1,1|1,1|1,1|1,1|0,1|1,1|1,1|1,1|1,0|1,1|1,1|1,0|1,1|1,1|0,1|1,1|0,1|1,1|0,1|1,1|0,1|0,1|0,1|1,0|1,1|1,1|1,1|0,0|1,0|1,1|1,1|0,1|1,0|1,0|1,0|0,1|1,1|1,1|0,0|0,0|1,1|0,0|1,0|0,1|1,0|0,1|1,1|0,1|1,1|0,1|0,1|0,1|0,1|1,1|0,1|0,0|0,1|1,1|1,1|0,1|1,1|1,1|1,1|1,0|0,1|1,1|0,1|0,1|0,0|1,0|1,0|0,1|1
5,139324311,.,G,T,.,PASS,AC=51;AN=5096;DP=13853;AF=0.01;EAS_AF=0;EUR_AF=0.01;AFR_AF=0;AMR_AF=0.03;SAS_AF=0.01;VT=SNP;NS=2548,GT,0|0,0|0,0|0,0|0,0|0,0|0,0|0,0|0,0|0,0|0,0|0,0|0,1|0,0|0,0|0,0|0,0|0,1|0,0|0,0|0,0|0,0|0,0|0,0|0,0|0,0|0,0|0,1|0,0|0,0|0,0|0,0|0,0|0,0|0,0|0,0|0,0|0,0|0,0|0,0|0,0|1,0|0,0|0,0|0,0|0,0|0,0|0,0|0,0|0,0|0,0|0,0|0,0|0,0|0,0|0,0|0,0|0,0|0,0|0,0|0,0|0,0|0,0|0,0|0,0|0,0|0,0|0,0|0,0|0,0|0,0|0,1|0,0|0,0|0,0|0,0|0,0|0,0|0,0|0,0|0,0|0,0|1,0|0,0|0,0|0
5,139324670,.,C,G,.,PASS,AC=2012;AN=5096;DP=20115;AF=0.39;EAS_AF=0.2;EUR_AF=0.66;AFR_AF=0.07;AMR_AF=0.62;SAS_AF=0.59;VT=SNP;NS=2548,GT,1|0,0|1,1|1,1|1,1|1,1|1,1|1,1|1,1|1,1|1,1|1,0|0,1|1,1|1,1|1,1|1,1|0,1|1,1|1,1|1,1|1,0|1,1|1,1|1,0|1,1|1,1|0,1|1,1|0,1|1,1|0,1|1,1|0,1|0,1|0,1|1,0|1,1|1,1|1,1|0,0|1,0|1,1|1,1|0,1|1,0|1,0|1,0|0,1|1,1|1,1|0,0|0,0|1,1|0,0|1,0|0,1|1,0|0,1|1,1|0,1|1,1|0,1|0,1|0,1|0,1|1,1|0,1|0,0|0,1|1,1|1,1|0,1|1,1|1,1|1,1|1,0|0,1|1,1|0,1|0,1|0,0|1,0|1,0|0,1|1
5,139325043,.,A,G,.,PASS,AC=57;AN=5096;DP=17902;AF=0.01;EAS_AF=0;EUR_AF=0.03;AFR_AF=0;AMR_AF=0.03;SAS_AF=0;VT=SNP;NS=2548,GT,0|0,0|0,0|0,0|0,0|0,0|0,0|0,0|0,0|0,0|0,0|0,0|0,0|0,0|0,0|0,0|0,0|0,0|0,0|0,0|0,0|0,0|0,0|0,0|0,0|0,0|0,0|0,0|0,0|1,0|0,0|0,0|0,0|0,0|0,0|0,0|0,0|0,0|0,0|0,0|0,0|0,0|0,0|0,0|0,0|0,0|0,0|0,0|0,0|0,0|0,0|0,0|0,0|0,0|0,0|0,0|0,0|0,0|0,0|0,0|0,0|0,0|0,0|0,0|0,0|0,0|0,0|0,0|0,0|0,0|0,0|0,0|0,0|0,0|0,0|0,0|0,0|0,0|0,0|0,0|0,0|0,0|0,0|0,0|0,0|0
5,139327344,.,C,CTA,.,PASS,AC=173;AN=5096;DP=19591;AF=0.03;EAS_AF=0;EUR_AF=0.05;AFR_AF=0;AMR_AF=0.03;SAS_AF=0.1;VT=INDEL;NS=2548,GT,0|0,0|0,0|0,0|0,0|0,0|0,0|0,0|0,0|0,0|0,0|0,0|0,0|0,0|0,0|0,0|0,0|0,0|0,0|0,0|0,0|0,0|1,0|0,0|0,0|0,0|0,0|0,0|0,0|0,0|0,0|0,0|0,0|0,0|0,0|0,0|0,0|0,0|0,0|0,0|0,0|0,0|0,0|1,0|0,1|0,0|0,0|0,0|0,0|0,0|0,0|0,0|0,0|0,0|0,0|0,0|0,0|0,0|0,0|0,0|0,0|0,0|0,0|0,0|0,0|0,0|0,0|0,0|0,0|0,0|0,0|0,0|0,0|0,0|0,0|0,0|0,0|0,0|0,0|0,0|0,0|0,0|0,0|0,0|0,0|0
5,139328288,.,T,G,.,PASS,AC=3;AN=5096;DP=19021;AF=0;EAS_AF=0;EUR_AF=0;AFR_AF=0;AMR_AF=0;SAS_AF=0;VT=SNP;NS=2548,GT,0|0,0|0,0|0,0|0,0|0,0|0,0|0,0|0,0|0,0|0,0|0,0|0,0|0,0|0,0|0,0|0,0|1,0|0,0|0,0|0,0|0,0|0,0|0,0|0,0|0,0|0,0|0,0|0,0|0,0|0,0|0,0|0,0|0,0|0,0|0,0|0,0|0,0|0,0|0,0|0,0|0,0|0,0|0,0|0,0|0,0|0,0|0,0|0,0|0,0|0,0|0,0|0,0|0,0|0,0|0,0|0,0|0,0|0,0|0,0|0,0|0,0|0,0|0,0|0,0|0,0|0,0|0,0|0,0|0,0|0,0|0,0|0,0|0,0|0,0|0,0|0,0|0,0|0,0|0,0|0,0|0,0|0,0|0,0|0,0|0
5,139329572,.,A,G,.,PASS,AC=114;AN=5096;DP=51759;AF=0.02;EAS_AF=0;EUR_AF=0.05;AFR_AF=0;AMR_AF=0.03;SAS_AF=0.03;VT=SNP;NS=2548,GT,0|0,0|0,0|0,0|0,0|0,0|0,0|0,0|0,0|0,0|0,0|0,0|0,0|0,0|0,0|0,0|0,0|0,0|0,0|0,0|0,0|0,0|0,0|0,0|0,0|0,0|0,0|0,0|0,0|0,0|0,0|0,0|0,0|0,0|0,0|0,0|0,0|1,0|0,0|1,0|0,0|0,0|0,0|0,0|0,0|0,0|0,0|0,0|0,0|0,0|0,0|0,0|0,0|0,0|0,0|0,0|0,0|0,0|0,0|0,0|0,0|0,0|0,0|0,0|0,0|0,0|0,0|0,0|0,0|0,0|0,0|0,0|0,0|0,0|0,0|0,0|0,0|0,0|0,0|0,0|0,0|0,0|0,0|0,0|0,0|0
5,139330067,.,G,A,.,PASS,AC=2026;AN=5096;DP=26787;AF=0.4;EAS_AF=0.2;EUR_AF=0.65;AFR_AF=0.09;AMR_AF=0.62;SAS_AF=0.59;VT=SNP;NS=2548,GT,1|0,0|1,1|1,1|1,1|1,1|1,1|1,1|1,1|1,1|1,1|1,0|0,1|1,1|1,1|1,1|1,1|0,1|1,1|1,1|1,1|1,0|1,1|1,1|1,0|1,1|1,1|0,1|1,1|0,1|1,1|0,1|1,1|0,1|0,1|0,1|1,0|1,1|1,1|1,1|0,0|1,0|1,1|1,1|0,1|1,0|1,0|1,0|0,1|1,1|1,1|0,0|0,0|1,1|0,0|1,0|0,1|1,0|0,1|1,1|0,1|1,1|0,1|0,1|0,1|0,1|1,1|0,1|0,0|0,1|1,1|1,1|0,1|1,1|1,1|1,1|1,0|0,1|1,1|0,1|0,1|0,0|1,0|1,0|0,1|1
5,139330103,.,T,C,.,PASS,AC=90;AN=5096;DP=28276;AF=0.02;EAS_AF=0;EUR_AF=0.05;AFR_AF=0;AMR_AF=0.04;SAS_AF=0.01;VT=SNP;NS=2548,GT,0|0,0|0,0|0,0|0,0|0,0|0,0|0,0|0,0|0,0|0,0|0,0|0,0|0,0|0,0|0,0|0,0|0,0|0,0|0,0|0,0|0,0|0,0|0,0|0,0|0,0|0,0|0,0|0,0|1,0|0,0|0,0|0,0|1,0|0,0|0,0|0,0|0,0|0,0|0,0|0,0|0,0|0,0|0,0|0,0|0,0|0,0|0,0|0,0|0,0|0,0|0,0|0,0|0,0|0,0|0,0|0,0|0,0|0,0|0,0|0,0|0,0|0,0|0,0|0,0|0,0|0,0|0,0|0,0|0,0|0,0|0,0|0,0|0,0|0,0|0,0|0,0|0,0|0,0|0,0|0,0|0,0|0,0|0,0|0,0|0
5,139330142,.,G,C,.,PASS,AC=7;AN=5096;DP=29788;AF=0;EAS_AF=0;EUR_AF=0;AFR_AF=0;AMR_AF=0;SAS_AF=0;VT=SNP;NS=2548,GT,0|0,0|0,0|0,0|0,0|0,0|0,0|0,0|0,0|0,0|0,0|0,0|0,0|0,0|0,0|0,0|0,0|0,0|0,0|0,0|0,0|0,0|0,0|0,0|0,0|0,0|0,0|0,0|0,0|0,0|0,0|0,0|0,0|0,0|1,0|0,0|0,0|0,0|0,0|0,0|0,0|0,0|0,0|0,0|0,0|0,0|0,0|0,0|0,0|0,0|0,0|0,0|0,0|0,0|0,0|0,0|0,0|0,0|0,0|0,0|0,0|0,0|0,0|0,0|0,0|0,0|0,0|0,0|0,0|0,0|0,0|0,0|0,0|0,0|0,0|0,0|0,0|0,0|0,0|0,0|0,0|0,0|0,0|0,0|0,0|0
5,139330471,.,T,C,.,PASS,AC=129;AN=5096;DP=22075;AF=0.03;EAS_AF=0;EUR_AF=0;AFR_AF=0.09;AMR_AF=0.01;SAS_AF=0;VT=SNP;NS=2548,GT,0|0,0|0,0|0,0|0,0|0,0|0,0|0,0|0,0|0,0|0,0|0,0|0,0|0,0|0,0|0,0|0,0|0,0|0,0|0,0|0,0|0,0|0,0|0,0|0,0|0,0|0,0|0,0|0,0|0,0|0,0|0,0|0,0|0,0|0,0|0,0|0,0|0,0|0,0|0,0|0,0|0,0|0,0|0,0|0,0|0,0|0,0|0,0|0,0|0,0|0,0|0,0|0,0|0,0|0,0|0,0|0,0|0,0|0,0|0,0|0,0|0,0|0,0|0,0|0,0|0,0|0,0|0,0|0,0|0,0|0,0|0,0|0,0|0,0|0,0|0,0|0,0|0,0|0,0|0,0|0,0|0,0|0,0|0,0|1,0|0
5,139330654,.,G,C,.,PASS,AC=199;AN=5096;DP=20438;AF=0.04;EAS_AF=0.01;EUR_AF=0.04;AFR_AF=0.08;AMR_AF=0.02;SAS_AF=0.02;VT=SNP;NS=2548,GT,0|0,0|0,0|0,0|0,0|0,0|0,0|0,0|0,0|0,0|0,0|0,0|0,0|0,0|0,0|0,0|0,0|0,0|0,0|0,0|0,0|0,0|0,0|0,0|0,0|0,0|0,0|0,0|0,0|0,0|0,0|0,0|0,0|0,0|0,0|0,0|0,0|0,0|0,0|0,0|0,0|0,0|0,0|0,0|0,0|0,1|0,0|0,0|0,0|0,0|0,0|0,0|0,0|0,0|0,0|0,0|0,0|0,1|0,0|0,0|0,0|0,0|0,0|1,0|0,0|0,0|0,0|1,0|0,0|0,0|0,0|0,0|0,0|0,0|0,0|0,0|0,0|0,0|0,0|0,0|0,0|0,0|0,0|0,0|0,0|0
5,139330683,.,T,G,.,PASS,AC=2050;AN=5096;DP=21274;AF=0.4;EAS_AF=0.2;EUR_AF=0.66;AFR_AF=0.1;AMR_AF=0.62;SAS_AF=0.59;VT=SNP;NS=2548,GT,1|0,0|1,1|1,1|1,1|1,1|1,1|1,1|1,1|1,1|1,1|1,0|0,1|1,1|1,1|1,1|1,1|0,1|1,1|1,1|1,1|1,0|1,1|1,1|1,0|1,1|1,1|0,1|1,1|0,1|1,1|0,1|1,1|0,1|0,1|0,1|1,0|1,1|1,1|1,1|0,0|1,0|1,1|1,1|0,1|1,0|1,0|1,0|0,1|1,1|1,1|0,0|0,0|1,1|0,0|1,0|0,1|1,0|0,1|1,1|0,1|1,1|0,1|0,1|0,1|0,1|1,1|0,1|0,0|0,1|1,1|1,1|0,1|1,1|1,1|1,1|1,0|0,1|1,1|0,1|0,1|0,0|1,0|1,0|0,1|1
5,139330820,.,C,G,.,PASS,AC=30;AN=5096;DP=21091;AF=0.01;EAS_AF=0;EUR_AF=0.02;AFR_AF=0;AMR_AF=0.01;SAS_AF=0;VT=SNP;NS=2548,GT,0|0,0|0,0|0,0|0,0|0,0|0,0|0,0|0,0|0,0|0,0|0,0|0,0|0,0|0,0|0,0|0,0|0,0|0,0|0,0|0,0|0,0|0,0|0,0|0,0|1,0|0,0|0,0|0,0|0,0|0,0|0,0|0,0|0,0|0,0|0,0|0,0|0,0|0,0|0,0|0,0|0,0|0,0|0,0|0,0|0,0|0,0|0,0|0,0|0,0|0,0|0,0|0,0|0,0|0,0|0,0|0,0|0,0|0,0|0,0|0,0|0,0|0,0|0,0|0,0|0,0|0,0|0,0|0,0|0,0|0,0|0,0|0,0|0,0|0,0|0,0|0,0|0,0|0,0|0,0|0,0|0,0|0,0|0,0|0,0|0
5,139331364,.,G,A,.,PASS,AC=1;AN=5096;DP=22158;AF=0;EAS_AF=0;EUR_AF=0;AFR_AF=0;AMR_AF=0;SAS_AF=0;VT=SNP;NS=2548,GT,0|0,0|0,0|0,0|0,0|1,0|0,0|0,0|0,0|0,0|0,0|0,0|0,0|0,0|0,0|0,0|0,0|0,0|0,0|0,0|0,0|0,0|0,0|0,0|0,0|0,0|0,0|0,0|0,0|0,0|0,0|0,0|0,0|0,0|0,0|0,0|0,0|0,0|0,0|0,0|0,0|0,0|0,0|0,0|0,0|0,0|0,0|0,0|0,0|0,0|0,0|0,0|0,0|0,0|0,0|0,0|0,0|0,0|0,0|0,0|0,0|0,0|0,0|0,0|0,0|0,0|0,0|0,0|0,0|0,0|0,0|0,0|0,0|0,0|0,0|0,0|0,0|0,0|0,0|0,0|0,0|0,0|0,0|0,0|0,0|0
5,139331581,.,G,T,.,PASS,AC=1;AN=5096;DP=19207;AF=0;EAS_AF=0;EUR_AF=0;AFR_AF=0;AMR_AF=0;SAS_AF=0;VT=SNP;NS=2548,GT,0|0,0|0,0|0,0|0,0|0,0|0,0|0,0|0,0|0,0|0,0|0,0|0,0|0,0|0,0|0,0|0,0|0,0|0,0|0,0|0,0|0,0|0,0|0,0|0,0|0,0|0,0|0,0|0,0|0,0|0,0|0,0|0,0|0,0|0,0|0,0|0,0|0,0|0,0|0,0|0,0|0,0|0,0|0,0|0,0|0,0|0,0|0,0|0,0|0,0|0,0|0,0|0,0|0,0|0,0|0,0|0,0|0,0|0,0|0,0|0,0|0,0|0,0|0,0|0,0|0,0|0,0|0,0|0,0|0,0|0,0|0,0|0,0|0,0|0,0|0,0|0,0|0,0|0,0|0,1|0,0|0,0|0,0|0,0|0,0|0
5,139331650,.,G,C,.,PASS,AC=1;AN=5096;DP=17020;AF=0;EAS_AF=0;EUR_AF=0;AFR_AF=0;AMR_AF=0;SAS_AF=0;VT=SNP;NS=2548,GT,0|0,0|0,0|0,0|0,0|0,0|0,0|0,0|0,0|0,0|0,0|0,0|0,0|0,0|0,0|0,0|0,0|0,0|0,0|0,0|0,0|0,0|0,0|0,0|0,0|0,0|0,0|0,0|0,0|0,0|0,0|0,0|0,0|0,0|0,0|0,0|0,0|0,0|0,0|0,0|0,0|0,0|0,0|0,0|0,0|0,0|0,0|0,0|0,0|0,0|0,0|0,0|0,0|0,0|0,0|0,0|0,0|0,0|0,0|0,0|0,0|0,0|0,0|0,0|0,0|0,0|0,0|0,0|0,0|0,0|0,0|0,0|0,0|0,0|0,0|0,0|0,0|0,0|0,0|0,1|0,0|0,0|0,0|0,0|0,0|0
